Symbol,Description,Price,Price - Currency,Volume 1 day,Relative volume 1 day,Price,Price - Currency,Price to earnings ratio,Sector,Industry,Average volume 30 days,Market capitalization,Market capitalization - Currency,Free float %,Total common shares outstanding,Price to sales ratio,"Earnings per share diluted, Trailing 12 months","Earnings per share diluted, Trailing 12 months - Currency","Earnings per share diluted growth %, TTM YoY",Average daily range %,"Earnings per share reported, Quarterly","Earnings per share reported, Quarterly - Currency","Earnings per share estimate, Quarterly","Earnings per share estimate, Quarterly - Currency",CUSIP
AA,Alcoa Corporation,63.18,USD,2775137,0.8244219208640767,63.18,USD,15.891541112256961,Non-energy minerals,Aluminum,4947647.099999977,16672561322.120687,USD,99.5193,263890000,1.2838834951456317,3.9757,USD,17.679966848212164,3.2557545335323366,1.4,USD,2.128206,USD,013872106
AAL,"American Airlines Group, Inc.",13.35,USD,57409560,1.1703125007230426,13.35,USD,43.584720861900095,Transportation,Airlines,55414456.56666665,8829491714.009863,USD,98.2197,661385000,0.15563034575133047,0.3063,USD,-64.63865158162086,3.3841091492776996,-0.4,USD,0.022414,USD,02376R102
AAOI,"Applied Optoelectronics, Inc.",148.94,USD,20663474,1.9882228282983772,148.94,USD,,Electronic technology,Semiconductors,12022373.433333334,11757791219.605713,USD,95.16299999999998,78943100,23.61074753451678,-0.6602,USD,82.91938321432268,13.629534424216889,-0.07,USD,0.015333,USD,03823U102
AAON,"AAON, Inc.",139.66,USD,1934534,1.1590734956514988,139.66,USD,98.24141812042768,Producer manufacturing,Industrial machinery,1114524.8333333333,11430292797.38971,USD,82.96589999999999,81843700,6.648910518702405,1.4216,USD,-25.31259850793317,5.059813629017414,0.48,USD,0.478333,USD,000360206
AAP,Advance Auto Parts Inc.,56.15,USD,2257764,1.9293994992266212,56.15,USD,77.06560527038155,Retail trade,Specialty stores,1301638.6666666667,3387485023.4702077,USD,98.0654,60329200,0.40450871890258006,0.7286,USD,,4.136980027986283,0.86,USD,0.430159,USD,00751Y106
AAPL,Apple Inc.,293.32,USD,52185645,1.0016544378203036,293.32,USD,35.4829734470453,Electronic technology,Telecommunications equipment,45870800.266667075,4308095429129.9526,USD,99.8793,14687400000,9.376187716517288,8.2665,USD,29.004822172630675,2.0036357172078954,2.01,USD,1.872684,USD,037833100
ABAT,American Battery Technology Company,3.17,USD,6479696,1.4497693226008677,3.17,USD,,Non-energy minerals,Other metals/Minerals,3942656.9999999776,417518291.21035606,USD,96.3775,131709000,42.26061558656313,-0.4031,USD,55.41915505419155,7.657278053177261,-0.07,USD,-0.08,USD,02451V309
ABBV,AbbVie Inc.,201.55,USD,4753252,0.6648251626997442,201.55,USD,99.13432688997098,Health technology,Pharmaceuticals: major,6642664.466666667,356494059237.289,USD,99.8731,1768760000,5.7245027778219955,2.0331,USD,-13.30803342998465,2.481227628734339,2.65,USD,3.762173,USD,00287Y109
ABCL,AbCellera Biologics Inc.,5.24,USD,10666758,1.04882435842513,5.24,USD,,Health technology,Biotechnology,5974660,1588561034.1327798,USD,77.17769999999999,303160000,19.28594809048075,-0.4905,USD,11.334056399132326,6.775899672846367,-0.03,USD,-0.171429,USD,00288U106
ABNB,"Airbnb, Inc.",141.49,USD,7702974,2.1419742473373793,141.49,USD,34.85061208404148,Consumer services,Hotels/Resorts/Cruise lines,3562647.3,85465412886.19243,USD,95.8005,418898000,6.718036500943993,4.0599,USD,2.1538384117957854,3.0285482063346922,0.26,USD,1.24411,USD,009066101
ABSI,Absci Corporation,5.9,USD,7326326,1.193519422523909,5.9,USD,,Health technology,Biotechnology,4894859.266666667,917139767.7391305,USD,86.43819999999998,155447000,479.0473259803906,-0.829,USD,10.388066155010277,9.09552058111382,-0.19,USD,-0.207888,USD,00091E109
ABT,Abbott Laboratories,84.32,USD,10766646,0.7760941532130721,84.32,USD,23.49073687143056,Health technology,Medical specialties,12555407.966666669,146869623313.32028,USD,99.3177,1741810000,3.368033449949036,3.5895,USD,-53.436936527909296,2.485217877473539,1.15,USD,1.280724,USD,002824100
ABTC,American Bitcoin Corp.,1.19,USD,9047737,0.6017468351140339,1.19,USD,,Technology services,Data processing services,15366529.8,1261934737.7844827,USD,58.304500000000004,328225000,5.730435666582542,-0.4869,USD,70.5658324265506,7.100240096038528,0,USD,0,USD,02462A104
ACHR,Archer Aviation Inc.,6.48,USD,45386638,1.3311077815016559,6.48,USD,,Electronic technology,Aerospace & defense,29209776.066666666,4911247297.719745,USD,83.7173,757908000,14955.537337200018,-0.9895,USD,30.95869383198437,5.070436507936554,-0.26,USD,-0.310615,USD,03945R102
ACMR,"ACM Research, Inc.",59.85,USD,1150649,0.9552905533707877,59.85,USD,45.63129002744739,Producer manufacturing,Industrial machinery,1118236.8666666674,3933796373.718749,USD,90.55099999999999,60705800,4.3014694414330075,1.3116,USD,-16.138107416879794,6.181393961093214,0.34,USD,0.4,USD,00108J109
ACN,Accenture plc,180.42,USD,5573775,1.05789604945095,180.42,USD,14.779438869547409,Technology services,Information technology services,5266766.533333333,110766924598.01808,USD,99.7398,613939000,1.5558613390922085,12.2075,USD,0.7327518628235627,3.2821432530447434,2.93,USD,3.72913,USD,
ACVA,ACV Auctions Inc.,6.41,USD,5658711,1.232686476442472,6.41,USD,,Technology services,Internet software/Services,3218864.1333333333,1119089110.3846157,USD,93.61439999999999,174585000,1.4425970521097768,-0.3621,USD,18.720538720538727,5.109872966347242,0.045091,USD,0.05393,USD,00091G104
ADBE,Adobe Inc.,253.04,USD,3662106,0.7711999076777025,253.04,USD,14.739993825326646,Technology services,Packaged software,5035784,102278774982.25066,USD,99.6864,404200000,4.31135688872531,17.1669,USD,13.059885800090878,3.0784573867488287,6.06,USD,5.824533,USD,00724F101
ADEA,Adeia Inc.,29.53,USD,1317366,0.6123107761436936,29.53,USD,27.360326137311223,Technology services,Packaged software,1513725.6,3256974356.7286654,USD,98.031,110294000,6.800277661958622,1.0793,USD,61.83835657519866,5.259784238788547,0.38,USD,0.308,USD,00676P107
ADI,"Analog Devices, Inc.",416.52,USD,3703062,1.1206769392758218,416.52,USD,76.085050416484,Electronic technology,Semiconductors,3245849.033333333,203346792336.75052,USD,99.71539999999999,488204000,17.083847429180544,5.4744,USD,74.57746029721282,2.2796847347407954,2.46,USD,2.885832,USD,032654105
ADMA,ADMA Biologics Inc,8.17,USD,10186554,1.1803920588894843,8.17,USD,12.051925062693613,Health technology,Biotechnology,7720604.166666667,1893583184.7119243,USD,96.67899999999999,231773000,3.9862106446817163,0.6779,USD,-19.68961023575406,6.864224514775254,0.170626,USD,0.186667,USD,000899104
ADSK,"Autodesk, Inc.",244.5,USD,1744848,0.9661555304819276,244.5,USD,46.736117748255765,Technology services,Packaged software,1905547.2666666666,51625011856.30975,USD,99.6051,211145000,7.461466666666668,5.2315,USD,2.090000780579189,3.0749926964651055,2.85,USD,2.843333,USD,052769106
ADTN,"ADTRAN Holdings, Inc.",14.94,USD,1527379,0.43598093920160214,14.94,USD,,Electronic technology,Computer peripherals,2768882,1210111634.5360825,USD,91.7435,80998100,1.0414575515372733,-0.3925,USD,77.11503702408022,5.7971887550201,0.14,USD,0.128583,USD,00486H105
AEHR,Aehr Test Systems,97.23,USD,3825272,1.3148398532378713,97.23,USD,,Electronic technology,Electronic production equipment,3970126.7,3058200025.9470744,USD,94.3178,31453300,61.89870069605555,-0.3783,USD,-148.74371859296483,10.162986144781932,-0.05,USD,-0.0075,USD,00760J108
AEO,"American Eagle Outfitters, Inc.",16.68,USD,2557192,0.6580339370768132,16.68,USD,14.899508709245199,Retail trade,Apparel/Footwear retail,4666681.7,2780133094.838942,USD,90.90709999999999,166675000,0.5318839785046194,1.1195,USD,-33.17215854823305,4.052500856457609,0.84,USD,0.114985,USD,02553E106
AEVA,"Aeva Technologies, Inc.",13.57,USD,1923086,1.0387311647922721,13.57,USD,,Electronic technology,Semiconductors,1455633.6,854200131.0475842,USD,64.10880000000002,62947700,40.90777062508945,-4.9959,USD,-77.06539074960126,11.715654279397915,-0.41,USD,-0.432,USD,00835Q202
AFRM,"Affirm Holdings, Inc.",64.01,USD,9376326,1.989253018394498,64.01,USD,58.1697564521992,Finance,Finance/Rental/Leasing,5136975.1,21322413705.23085,USD,95.5423,292410000,6.379490495426772,1.1004,USD,,5.021960854330801,0.3,USD,0.326136,USD,00827B106
AGEN,Agenus Inc.,3.82,USD,619148,0.6793226742106487,3.82,USD,,Health technology,Biotechnology,1037146.7000000001,146681710.752,USD,95.5249,38398400,1.159861017461206,-0.3885,USD,96.36470819414423,7.7131637995511895,-0.3,USD,2.1,USD,00847G804
AGPU,Axe Compute Inc.,5.67,USD,235391,0.4569008939411732,5.67,USD,,Health technology,Medical specialties,6925199.6,31407642.949748747,USD,69.64320000000001,5539270,194.57027880655164,-153.1087,USD,-303.509090957008,15.43411438649539,114.705289,USD,,,74039M408
AGRO,Adecoagro S.A.,13.13,USD,571940,0.406521227680745,13.13,USD,,Process industries,Agricultural commodities/Milling,1542956.2333333334,1894770217.0905013,USD,21.879,144308000,0.9840334540653858,-0.083,USD,-109.26856504745952,5.858666086388826,-0.106031,USD,0.2479,USD,
AHMA,Ambitions Enterprise Management Co. L.L.C,1.41,USD,733585,0.08069348270644787,1.41,USD,125.89285714285714,Commercial services,Miscellaneous commercial services,5995892.166666667,41594999.19886363,USD,17.877100000000002,10740000,9.498832307341452,0.0112,USD,27.272727272727266,11.228976697061785,,,,,G0262A103
AI,"C3.ai, Inc.",9.87,USD,4299647,1.097095654973567,9.87,USD,,Technology services,Packaged software,4567130.666666667,1399479421.143006,USD,93.9118,141791000,4.424537543389363,-3.155,USD,-41.59411183915266,4.343030829352959,-0.4,USD,-0.37565,USD,12468P104
AIB,"BlockchAIn Digital Infrastructure, Inc",1.18,USD,249906,0.9975240124489925,1.18,USD,,Technology services,Packaged software,3381557.1333333333,44402297.879999995,USD,30.007100000000005,37629066,12.56644973030812,-4.6216,USD,82.60712484664192,9.383171912832973,,,,,093919108
AIFF,"Firefly Neuroscience, Inc.",1.89,USD,206922,0.38617516715370453,1.89,USD,,Health technology,Medical specialties,1319374.5333333334,27958912.24736842,USD,80.66590000000001,14793100,23.2331850262697,-2.2764,USD,13.873860239869842,11.58012093726382,,,,,317970101
AIOT,"PowerFleet, Inc.",3.41,USD,1073175,0.7185865344111668,3.41,USD,,Technology services,Packaged software,1453408.8333333333,457442229.8147059,USD,93.02620000000002,134146999.99999999,1.0514024369117037,-0.2276,USD,88.74548781090837,4.681608713866852,-0.03,USD,-0.001429,USD,73931J109
AIRS,"AirSculpt Technologies, Inc.",3.86,USD,2395734,1.7927826499835555,3.86,USD,,Health technology,Medical specialties,1487085,272306317.21387285,USD,13.062000000000001,70545685,1.4689780995665878,-0.191,USD,-32.73106323835997,7.950777202072796,-0.01,USD,0.015,USD,009496100
AKAM,"Akamai Technologies, Inc.",147.71,USD,21137546,4.338710969569605,147.71,USD,49.730657868157024,Technology services,Data processing services,5527056.333333333,21746317609.810696,USD,97.71269999999998,147223000,4.103004369239918,2.9702,USD,0.19227525721032343,3.673462479569187,1.61,USD,1.603328,USD,00971T101
AKBA,"Akebia Therapeutics, Inc.",1.16,USD,4391341,1.2893968833607194,1.16,USD,,Health technology,Pharmaceuticals: major,2761392.566666667,311170021.62711865,USD,96.50490000000002,268250000,1.3558939213610781,-0.0772,USD,64.12639405204462,5.928571428571115,-0.03,USD,-0.04,USD,00972D105
ALAB,"Astera Labs, Inc.",199.79,USD,4481285,0.7607740897605403,199.79,USD,134.6656780803451,Electronic technology,Semiconductors,5694207.066666666,34245592008.8922,USD,80.6892,171407940,35.39226062565652,1.4836,USD,532.3955669224212,7.576605435707484,0.61,USD,0.689647,USD,04626A103
ALB,Albemarle Corporation,203.52,USD,3126464,1.563067409001832,203.52,USD,,Process industries,Chemicals: specialty,2066688.7666666666,24002060015.712025,USD,99.70589999999999,117935000,4.281616721414525,-3.4136,USD,69.31098964326812,5.093125280772657,2.95,USD,2.76706,USD,012653101
ALDX,"Aldeyra Therapeutics, Inc.",1.73,USD,819612,0.8471378817646008,1.73,USD,,Health technology,Biotechnology,1554419.7666666666,104355447.99999999,USD,92.5644,60321100,,-0.4552,USD,53.004336155275666,5.976878612716682,,,-0.135,USD,01438T106
ALGM,"Allegro MicroSystems, Inc.",48.95,USD,2539781,0.8776534719786004,48.95,USD,,Electronic technology,Semiconductors,2167205.7333333334,9069988550.059462,USD,66.8393,185291000,9.978556648979437,-0.0811,USD,79.04392764857882,4.978593316795589,0.17,USD,0.207802,USD,01749D105
ALHC,"Alignment Healthcare, Inc.",17.93,USD,3870044,0.7117021257031887,17.93,USD,196.1706783369803,Health services,Managed health care,4069404.066666667,3706737494.7764387,USD,88.0202,206734000,0.9136962261897151,0.0914,USD,,6.08302127320529,0.05,USD,0.129939,USD,01625V104
ALK,"Alaska Air Group, Inc.",40.84,USD,2201962,0.5940359808569275,40.84,USD,76.33644859813084,Transportation,Airlines,4707045.233333333,4627586860.547919,USD,99.21079999999999,113310000,0.3221214734064725,0.535,USD,-80.56241825316087,4.484171680425214,-1.68,USD,-0.903833,USD,011659109
ALKS,Alkermes plc,34.99,USD,2145519,1.046557979091269,34.99,USD,38.899388549194,Health technology,Pharmaceuticals: major,2411217.1,5831986905.228532,USD,98.16550000000001,166676000,3.765818600780899,0.8995,USD,-57.17074564327207,3.1128077409872126,-0.4,USD,-0.008598,USD,
ALKT,"Alkami Technology, Inc.",17.97,USD,1503884,0.7096506866706703,17.97,USD,,Technology services,Packaged software,1620870.8333333333,1923134566.2444062,USD,61.5859,107019000,3.929142964071859,-0.4756,USD,-27.712137486573578,4.9590587487082605,0.178614,USD,0.15118,USD,01644J108
ALLO,"Allogene Therapeutics, Inc.",2.28,USD,4474236,0.736145433868538,2.28,USD,,Health technology,Biotechnology,13251049.433333334,755313589.9030837,USD,62.52430000000001,331278000,,-0.8682,USD,34.97116320874841,5.968045112781929,-0.17,USD,-0.190122,USD,019770106
ALMU,"Aeluma, Inc.",24.41,USD,1218138,0.6089847774052848,24.41,USD,,Commercial services,Miscellaneous commercial services,1953720.4666666666,439451966.21985817,USD,68.8402,18002949,81.94814628593545,-0.1398,USD,69.4225721784777,12.556387897231748,-0.04,USD,-0.04,USD,00776X109
ALOY,REalloys Inc.,9.89,USD,1242717,0.6947918884394294,9.89,USD,,Non-energy minerals,Other metals/Minerals,1729536.0333333334,591725671.6732984,USD,92.18119999999999,59830700,16.92852005546156,-1.1462,USD,-11.259949524364211,8.390365448505097,,,-0.02,USD,75606V101
ALT,"Altimmune, Inc.",3.09,USD,2853602,0.4964211290434478,3.09,USD,,Health technology,Biotechnology,4492741.633333334,600557494.8157895,USD,91.69229999999999,194355000,7460.118329756107,-1.0155,USD,24.137158225011202,5.975496994914549,-0.27,USD,-0.24205,USD,02155H200
ALTO,"Alto Ingredients, Inc.",4.46,USD,2489311,1.165488853765763,4.46,USD,12.169167803547067,Process industries,Chemicals: specialty,1680843.6333333333,344729226.12334806,USD,87.21940000000001,77292600,0.37982053714411795,0.3665,USD,,8.734465086483025,0.05,USD,0.085,USD,021513106
ALXO,ALX Oncology Holdings Inc.,2.08,USD,998508,1.2828658672662663,2.08,USD,,Health technology,Biotechnology,1061506.4333333333,273745215.05882347,USD,80.55760000000001,131608000,,-1.8961,USD,27.21584584085065,7.892857142857092,-0.17,USD,-0.147702,USD,00166B105
AMAT,"Applied Materials, Inc.",435.44,USD,7764558,1.1883625062453802,435.44,USD,44.60195845454173,Producer manufacturing,Industrial machinery,5889165.966666667,345569491194.4612,USD,99.5739,793610000,11.629026724321259,9.7628,USD,27.716801193077018,3.2271101808350044,2.38,USD,2.679581,USD,038222105
AMC,"AMC Entertainment Holdings, Inc.",1.5,USD,18382645,0.6034040933022079,1.5,USD,,Consumer services,Movies/Entertainment,33741781.73333332,918104175,USD,99.06660000000001,612069000,0.16302104217178748,-1.0575,USD,-7.765209416080726,8.967619047618996,-0.22,USD,-0.05625,USD,00165C302
AMCR,Amcor plc,39.93,USD,3837501,0.7831951328481259,39.93,USD,27.517056026462683,Process industries,Containers/Packaging,4552481.033333338,18449483348.636272,USD,99.726,462046000,0.8344177745707096,1.4511,USD,-47.92018088504469,2.736962362706152,0.96,USD,1.185592,USD,
AMD,"Advanced Micro Devices, Inc.",455.19,USD,57170239,1.0683486586438782,455.19,USD,149.39446650694148,Electronic technology,Semiconductors,42752802.3,742233065185.8464,USD,99.5229,1630600000,17.994313023976108,3.0469,USD,123.34701656648583,4.342638709738163,1.37,USD,1.584284,USD,007903107
AMKR,"Amkor Technology, Inc.",76.61,USD,5310115,0.8021568821432431,76.61,USD,43.702224757558476,Electronic technology,Semiconductors,4577440.4,18989512324.644943,USD,24.397199999999998,247873000,2.5507213934112447,1.753,USD,37.40398181533154,5.6399295131183225,0.33,USD,0.471448,USD,031652100
AMLX,"Amylyx Pharmaceuticals, Inc.",14.73,USD,1892398,1.8241605324657348,14.73,USD,,Health technology,Pharmaceuticals: major,1158365.9666666666,1628209128.1381578,USD,83.4938,110536940,,-1.5072,USD,51.42451978857805,5.861410144505855,-0.37,USD,-0.347453,USD,03237H101
AMPL,"Amplitude, Inc.",6.39,USD,4385878,2.0358085759406035,6.39,USD,,Technology services,Packaged software,1936254.9333333333,852173958.2893401,USD,81.6229,103777440,2.208308633704554,-0.6747,USD,10.398406374501997,6.5279454504807575,-0.02,USD,-0.006667,USD,03213A104
AMPX,"Amprius Technologies, Inc.",16.7,USD,12436434,1.4306514803717867,16.7,USD,,Producer manufacturing,Electrical products,8733597.8,2288217339.391682,USD,88.2673,137019000,24.44210135227057,-0.3046,USD,25.87004137259674,10.546877673224955,-0.04,USD,-0.022222,USD,03214Q108
AMRZ,Amrize Ltd,52.89,USD,2543908,0.7978567988451233,52.89,USD,25.303798679552198,Non-energy minerals,Construction materials,2658069.8666666667,29234205692.773895,USD,89.0953,552735960,2.483176964405646,2.0902,USD,-6.147007318934949,3.0548442859844362,-0.16,USD,0.981837,USD,
AMSC,American Superconductor Corporation,55.19,USD,858425,0.5421736475280438,55.19,USD,18.840035502150613,Producer manufacturing,Electrical products,1302268.6666666667,2627722102.7925587,USD,96.34320000000001,47612300,8.55984015976865,2.9294,USD,3754.473684210526,7.769083426086485,2.75,USD,0.185,USD,030111207
AMTM,"Amentum Holdings, Inc.",24.53,USD,2027575,1.2048346338727662,24.53,USD,60.92896174863388,Electronic technology,Aerospace & defense,1717479.2666666666,5983729477.197068,USD,80.69630000000001,243770575,0.4216012382158438,0.4026,USD,,4.401287053753264,0.54,USD,0.573756,USD,023939101
AMTX,"Aemetis, Inc",2.59,USD,2557920,1.2795731074544359,2.59,USD,,Process industries,Chemicals: specialty,1916188.3666666683,176497056.68269226,USD,92.47139999999999,68145600,0.9486070072912972,-1.1845,USD,36.255516090840594,11.941533370104812,-0.33,USD,-0.272321,USD,00770K202
AMZN,"Amazon.com, Inc.",272.68,USD,34550138,0.6439998068418379,272.68,USD,32.58721034453912,Retail trade,Internet retail,48205942.16666666,2933248729622.577,USD,91.0219,10757100000,3.969840948011246,8.3677,USD,36.47513577870922,2.5701869276388525,2.78,USD,1.817073,USD,023135106
ANET,"Arista Networks, Inc.",141.77,USD,20287388,1.7119632636435196,141.77,USD,48.54471990138338,Electronic technology,Computer peripherals,9075639,178517157807.73444,USD,82.7635,1259200000,18.595572559964573,2.9204,USD,23.546831373212623,5.1539717248259915,0.87,USD,0.883521,USD,040413205
ANGI,Angi Inc.,5.83,USD,3489715,2.1162816478168796,5.83,USD,14.22298121493047,Technology services,Internet software/Services,1134914,235811929.00763357,USD,70.5325,40448000,0.20571200619492938,0.4099,USD,-60.718735026353635,9.605488850771666,-0.22,USD,0.207664,USD,00183L201
ANGX,"Angel Studios, Inc.",3.35,USD,2109688,1.3095751612707192,3.35,USD,,Consumer services,Movies/Entertainment,1836082.1666666667,624481452.6086957,USD,61.92829999999999,129624360,1.679264672881787,-1.0622,USD,-19.496006299921252,7.4469083155649844,-0.082,USD,-0.151667,USD,034948109
ANNA,"AleAnna, Inc.",3.22,USD,751126,0.9642247886924007,3.22,USD,72.85067873303167,Energy minerals,Oil & gas production,2296209.933333333,214626793.70063695,USD,6.9289000000000005,40659880,5.09959128982437,0.0442,USD,,12.535936113575866,,,,,01444V103
ANNX,"Annexon, Inc.",5.69,USD,2009599,0.9759340070920367,5.69,USD,,Health technology,Pharmaceuticals: major,2310548.6333333333,924666411.2427539,USD,88.3462,162507000,,-1.2159,USD,-3.7368825185564427,5.1466231483806695,-0.23,USD,-0.255161,USD,03589W102
ANVS,"Annovis Bio, Inc.",2.28,USD,738388,0.6652137551935758,2.28,USD,,Health technology,Pharmaceuticals: major,1243328.6666666667,78733858.88495576,USD,83.04090000000001,34532400,,-1.4021,USD,29.761546939184452,6.741854636591517,-0.39,USD,-0.395,USD,03615A108
AON,Aon plc,312.79,USD,1179006,0.7959942586083741,312.79,USD,17.163065307331852,Finance,Insurance brokers/Services,1338193.7333333334,66804733432.93757,USD,98.83529999999999,213577000,3.8435920109252315,18.2246,USD,55.29197235784827,2.4865496248054306,6.48,USD,3.821229,USD,
APA,APA Corporation,35.56,USD,9080177,1.2687479176277279,35.56,USD,8.291363551576199,Energy minerals,Integrated oil,8290184.033333333,12566919557.499998,USD,99.4828,353400000,1.4898339333410784,4.2888,USD,55.15519861080963,3.651253414751449,1.38,USD,1.923385,USD,03743Q108
APH,Amphenol Corporation,128.03,USD,18068928,2.03653060632883,128.03,USD,36.79022988505747,Electronic technology,Electronic components,8153100.199999926,157506917030.84094,USD,99.471,1230230000,6.802045028142594,3.48,USD,68.63733281643728,4.465242521284114,1.06,USD,1.153061,USD,032095101
APLD,Applied Digital Corporation,41.25,USD,19623123,0.7885360270441368,41.25,USD,,Technology services,Data processing services,25388724.666666683,11787992817.601732,USD,90.3143,285769530,32.945760858871004,-0.7392,USD,46.25954198473283,7.022961038961033,-0.36,USD,-0.2225,USD,038169207
APO,"Apollo Global Management, Inc. (New)",133.2,USD,4767276,1.2971856619080095,133.2,USD,87.5912408759124,Finance,Investment managers,4286041.066666666,76792337073.81482,USD,72.86689999999999,576519000,2.3985982597280078,1.5207,USD,-73.13820391436445,3.3189296439296765,1.94,USD,2.193451,USD,03769M106
APP,Applovin Corporation,468.55,USD,7745578,1.7080513118101115,468.55,USD,41.33219244544027,Technology services,Packaged software,4486644.833333333,157555280127.12228,USD,85.87469999999999,306053000,27.4134446542223,11.3362,USD,104.69844709281328,5.582355900422283,3.56,USD,3.733888,USD,03831W108
APPS,"Digital Turbine, Inc.",4.04,USD,1494823,0.9137092295314984,4.04,USD,,Technology services,Packaged software,2023768.1666666667,484395729.65413535,USD,88.4921,119900000,0.8871232103112653,-0.4645,USD,84.66743687077076,4.826555869872758,0.18,USD,0.085,USD,25400W102
APTV,Aptiv PLC,57.94,USD,4476677,1.2302374219002568,57.94,USD,34.25362104640851,Producer manufacturing,Electrical products,3198377.3493573847,12261293591.087374,USD,98.6412,211621000,0.5910314148797137,1.6915,USD,-71.97601020560315,3.2792420730806833,1.71,USD,1.500316,USD,
AR,Antero Resources Corporation,35.94,USD,3014210,0.6386203338014316,35.94,USD,11.645766501409545,Energy minerals,Oil & gas production,5322666.866666666,11135505460.540007,USD,93.01700000000001,309836000,1.9659268540696329,3.0861,USD,326.1391880695941,3.229588997535494,1.146459,USD,0.905753,USD,03674X106
ARCC,Ares Capital Corporation,19.01,USD,4762912,0.7728064834258828,19.01,USD,11.686954383376369,Finance,Investment managers,6567149.166666667,13649614445.676687,USD,99.4245,718023000,4.068523610280933,1.6266,USD,-20.451877934272296,2.016232058314956,0.47,USD,0.471898,USD,04010L103
ARDX,"Ardelyx, Inc.",6.78,USD,5858397,1.1076488977324213,6.78,USD,,Health technology,Pharmaceuticals: major,3928757.3666666667,1674859258.1776505,USD,95.63020000000002,247029000,4.012515162914234,-0.2382,USD,-4.93392070484581,5.541508638853793,-0.15,USD,-0.034692,USD,039697107
AREC,American Resources Corporation,2.24,USD,1481988,0.6414534465936339,2.24,USD,,Energy minerals,Coal,2617014.1666666665,227120996.9339207,USD,79.4177,101393000,2013.9175554854057,-0.4644,USD,-8.606173994387278,7.189732142857258,-0.095,USD,-0.07225,USD,02927U208
ARLO,"Arlo Technologies, Inc.",15.25,USD,4022264,3.3057972415253207,15.25,USD,54.75763016157989,Electronic technology,Telecommunications equipment,1187798.4666666666,1661624934.2281878,USD,96.9696,108959000,2.9365555204749065,0.2785,USD,,4.124121779859536,0.28,USD,0.1975,USD,04206A101
ARM,Arm Holdings plc,213.27,USD,11464445,0.8816844539831452,213.27,USD,251.97306238185254,Electronic technology,Semiconductors,9615027.433333334,226961837402,USD,99.571,1064000000,46.30387804878047,0.8464,USD,13.595490538182803,6.788430493874243,0.6,USD,0.400226,USD,042068205
AROC,"Archrock, Inc.",36.96,USD,2005673,1.1785854539430847,36.96,USD,20.07277467007006,Industrial services,Oilfield services/Equipment,1548433.8,6477668353.788977,USD,97.20150000000001,175262000,4.384200176468028,1.8413,USD,55.936653116531154,3.629889455782293,0.41,USD,0.473948,USD,03957W106
ARQT,"Arcutis Biotherapeutics, Inc.",21.17,USD,2702756,1.6129913204519506,21.17,USD,,Health technology,Pharmaceuticals: major,1357634.9,2648015008.2749276,USD,88.162,125083000,6.430525908032259,-0.0284,USD,97.27760736196319,5.415345164990827,-0.09,USD,0.0425,USD,03969K108
ARRY,"Array Technologies, Inc.",8.57,USD,5107010,0.9933331661896817,8.57,USD,,Producer manufacturing,Electrical products,5236408.9,1318291962.6817074,USD,98.21289999999999,153826000,1.040698313129049,-0.8385,USD,54.89753106341778,5.601766961160153,0.06,USD,0.134098,USD,04271T100
ARWR,"Arrowhead Pharmaceuticals, Inc.",72.69,USD,2693941,1.7681641826938224,72.69,USD,,Health technology,Biotechnology,1779852.3,10178938822.89737,USD,93.63170000000001,140032000,17.847660001704156,-2.1484,USD,-55.89579856323924,4.931047697659358,-0.93,USD,-1.253333,USD,04280A100
AS,"Amer Sports, Inc.",36.03,USD,3218398,0.9839292375164282,36.03,USD,47.33937721718566,Consumer durables,Recreational products,3616737.5,20835133535.57495,USD,28.855900000000002,578271800,3.132562057086284,0.7611,USD,438.64118895966027,3.0797747908490387,0.31,USD,0.303585,USD,G0260P102
ASAN,"Asana, Inc.",6.63,USD,7502739,1.0920900468955674,6.63,USD,,Technology services,Packaged software,7131660.566666666,1578523910.2127662,USD,55.8296,162198000,2.124924128041516,-0.7981,USD,28.33797252401903,5.734216763628684,0.08,USD,0.075051,USD,04342Y104
ASPI,ASP Isotopes Inc.,5.38,USD,2416876,0.8186786181134061,5.38,USD,,Health technology,Pharmaceuticals: major,3864600.1666666665,677360510.0262663,USD,89.6461,125903450,20.922365181801727,-2.1358,USD,-232.47198007471988,6.870685077004793,-0.79,USD,-0.28,USD,00218A105
ASPN,"Aspen Aerogels, Inc.",5.04,USD,1999282,0.9993490901307728,5.04,USD,,Process industries,Industrial specialties,1657000.5,417441013.171875,USD,83.78280000000001,82825600,1.839814646145291,-1.3554,USD,61.17556071152359,6.642006802721166,-0.29,USD,-0.2275,USD,04523Y105
ASST,"Strive, Inc.",15.92,USD,2428539,0.8257288559430761,15.92,USD,,Miscellaneous,Investment trusts,3505651.9333333345,1101420774.1164296,USD,98.2873,59312565,219.86820202111446,-16.7374,USD,51.04047832166195,6.692076453697054,-4.71,USD,-2.695,USD,862945300
ASTI,"Ascent Solar Technologies, Inc",4.32,USD,982506,1.3063397978476439,4.32,USD,,Electronic technology,Semiconductors,1419614.9999999974,40875350.10309279,USD,89.27289999999999,9461890,235.6214690060311,-3.3549,USD,94.63110340114935,12.901620370370297,-0.57,USD,-0.19,USD,043635804
ASTS,"AST SpaceMobile, Inc.",75.05,USD,22378060,1.473519494180002,75.05,USD,,Communications,Specialty telecommunications,16811055.866666667,29124586134.15532,USD,55.338300000000004,298679000,261.84106965086386,-1.3255,USD,32.406935237123925,7.099438469591749,-0.180925,USD,-0.244224,USD,00217D100
ATAI,AtaiBeckley Inc.,4.03,USD,3849202,0.8666447581483298,4.03,USD,,Health technology,Pharmaceuticals: major,6237709.966666667,1478675194.4339154,USD,80.4614,366917000,308.2045184089195,-2.3052,USD,-800.820633059789,7.209322935129365,-1.73,USD,-0.108786,USD,04650F101
ATEC,"Alphatec Holdings, Inc.",7.52,USD,4942623,0.7482970024308715,7.52,USD,,Health technology,Medical specialties,3802476.5,1156495585.4864516,USD,75.5724,153789000,1.5168606741601571,-0.8262,USD,27.87429070274988,10.075987841945434,0,USD,0.069889,USD,02081G201
ATEN,"A10 Networks, Inc.",27.8,USD,1127633,1.0376316336984108,27.8,USD,45.43968617195162,Technology services,Information technology services,1070397.8333333333,1993926145.9039242,USD,97.7665,71724000,6.640812403981026,0.6118,USD,-8.096740273396417,3.7913669064748015,0.24,USD,0.239429,USD,002121101
ATOM,Atomera Incorporated,8.41,USD,1384399,0.20616001936630854,8.41,USD,,Commercial services,Miscellaneous commercial services,2843682.966666667,325605774.34444445,USD,94.62339999999999,38716500,3966.3000000000015,-0.6548,USD,1.6225961538461422,17.734244946492286,-0.17,USD,-0.13,USD,04965B100
ATRA,"Atara Biotherapeutics, Inc.",8.34,USD,2924388,0.3767232560719854,8.34,USD,2.8615542974781265,Health technology,Pharmaceuticals: major,2728416.3666666667,70992357.75226586,USD,59.39110000000001,8512270,0.6021869307455389,2.9145,USD,,10.089499828708458,-0.25,USD,-0.329533,USD,046513206
AU,AngloGold Ashanti PLC,107.03,USD,2748711,1.1078433439122215,107.03,USD,20.7454644130873,Non-energy minerals,Precious metals,2504669.3333333307,54050952053.32615,USD,99.70989999999999,505007480,5.279406365272521,5.1592,USD,5471.490280777538,2.9910839417519175,2.52,USD,2.186667,USD,
AUPH,Aurinia Pharmaceuticals Inc,15.23,USD,1541352,1.250179352872935,15.23,USD,7.038868604704904,Health technology,Biotechnology,1151908.6666666667,2025148037.2701452,USD,88.5481,132971000,6.985884644385424,2.1637,USD,683.3816075307748,4.383969608854699,0.25,USD,0.233333,USD,05156V102
AUR,"Aurora Innovation, Inc.",7.08,USD,28140573,0.9006557908069227,7.08,USD,,Technology services,Packaged software,23125296.366666667,13889996092.705883,USD,74.015,1652830000,3477.179999999993,-0.4398,USD,7.215189873417711,6.418079096045193,-0.11,USD,-0.117143,USD,051774107
AUTL,Autolus Therapeutics plc,1.57,USD,1199132,0.8689032387465868,1.57,USD,,Health technology,Pharmaceuticals: major,1565018.0333333334,428487676,USD,90.3033,266143286,5.676911753095617,-1.0803,USD,-24.530259365994233,5.709281164695161,-0.34,USD,-0.252975,USD,05280R100
AVAV,"AeroVironment, Inc.",168.29,USD,914239,0.8293638899734527,168.29,USD,,Electronic technology,Aerospace & defense,1113761.6,8403390891.713462,USD,75.0645,49934000,5.195072125625436,-4.3387,USD,-471.1462788708297,6.502546624449092,0.64,USD,1.469677,USD,008073108
AVGO,Broadcom Inc.,430,USD,22486720,1.1535045543144953,430,USD,83.87952559300874,Electronic technology,Semiconductors,21766070.366666667,2035907214514.3496,USD,98.05179999999999,4734670000,29.533307167335515,5.1264,USD,147.2579945015193,3.2662774086378743,2.05,USD,2.385291,USD,11135F101
AVTX,"Avalo Therapeutics, Inc.",21.57,USD,1767411,0.4686192630590349,21.57,USD,,Health technology,Pharmaceuticals: major,1816185.1,576228297.9549628,USD,90.0244,26714300,7176.0466540677935,-6.0964,USD,96.22318660112195,8.106497119014481,-0.75,USD,-1.025344,USD,05338F306
AVXL,Anavex Life Sciences Corp.,3.22,USD,733303,0.9960098647086476,3.22,USD,,Health technology,Biotechnology,1037278.6666666666,298403057.7051282,USD,96.88320000000002,92671800,,-0.4649,USD,15.80948931546542,5.712067435669741,-0.06,USD,-0.07485,USD,032797300
AXON,"Axon Enterprise, Inc.",403.54,USD,1717793,1.4045425173465143,403.54,USD,161.532303258346,Electronic technology,Aerospace & defense,1210330.6333333333,32514108556.2485,USD,94.97200000000001,80572200,11.802248227435348,2.4982,USD,-39.52993004623242,5.560080785052675,1.61,USD,1.825695,USD,05464C101
AXP,American Express Company,316.03,USD,6759760,2.0258587878341063,316.03,USD,19.712450099800396,Finance,Finance/Rental/Leasing,3205764.3,215635618905.49304,USD,99.88680000000001,682326000,2.652366878980887,16.032,USD,11.993629104931163,2.3909009542495223,4.28,USD,4.39474,USD,025816109
AXTI,AXT Inc,116.36,USD,13121605,1.0570409160375471,116.36,USD,,Electronic technology,Electronic production equipment,14016622.7,6467152189.152923,USD,94.6051,55578800,60.283708886895866,-0.3166,USD,25.78527894983591,10.016169032067975,-0.01,USD,0.074,USD,00246W103
AZTA,"Azenta, Inc.",19.22,USD,1022030,0.6357170301291792,19.22,USD,,Health services,Medical/Nursing services,1132275.0666666667,885302539.2213247,USD,98.9464,46061500,1.4338442700030687,-3.8741,USD,-175.73665480427044,7.581388434666243,-0.04,USD,0.1,USD,114340102
BA,Boeing Company (The),237.36,USD,7457752,1.4064399667029635,237.36,USD,122.03598971722366,Electronic technology,Aerospace & defense,6300358.066666666,187111434631.76834,USD,99.8856,788302000,1.9749152763012314,1.945,USD,,2.60974809210837,-0.2,USD,-0.259071,USD,097023105
BABA,Alibaba Group Holding Limited,140.06,USD,10005270,1.1841658958749661,140.06,USD,26.035876940236083,Retail trade,Internet retail,9518836.266666668,345138277411.12506,USD,99.8992,2399050000,2.4047975033590547,5.3795,USD,-22.277284942352704,2.2166316476611896,1.0135864,USD,0.8894059892099999,USD,01609W102
BAC,Bank of America Corporation,51.31,USD,35790710,1.2547185280101116,51.31,USD,12.731378095379883,Finance,Major banks,33543440.366666667,364126049936.8654,USD,99.71670000000002,7096590000,3.300768727855573,4.0302,USD,20.322436184505147,2.2211766016089833,1.11,USD,1.098264,USD,060505104
BAH,Booz Allen Hamilton Holding Corporation,77.04,USD,1252773,1.0727883945223244,77.04,USD,11.450653983353153,Commercial services,Miscellaneous commercial services,1364324.7,9290591687.8095,USD,98.9321,120594000,0.8174127812926131,6.728,USD,0.3160970954851709,3.448106734905918,1.77,USD,1.338498,USD,099502106
BAM,Brookfield Asset Management Inc,49.76,USD,5984102,2.0013779975049424,49.76,USD,32.012028288030955,Finance,Investment managers,3630454.2666666666,81515278893.41649,USD,21.919600000000003,1638147600,15.949230719760239,1.5544157199999997,USD,25.007892933334414,2.749526297657256,0.42149129328,USD,0.44395024360000007,USD,113004105
BANC,"Banc of California, Inc.",19.04,USD,3187956,1.182425999250922,19.04,USD,14.664202094886013,Finance,Regional banks,3008537.566666667,3032553193.272822,USD,97.01930000000002,153778000,2.7056610251000746,1.2984,USD,99.60030745580323,2.7648559423770243,0.39,USD,0.395002,USD,05990K106
BATL,Battalion Oil Corporation,2.89,USD,4689420,0.7206764327993455,2.89,USD,,Energy minerals,Oil & gas production,11581971.566666666,62044933.04895107,USD,78.02080000000001,21468800,0.28532037681405553,-2.2378,USD,48.02461967251191,13.894216510133727,,,,,07134L107
BAX,Baxter International Inc.,17.99,USD,7865327,0.812829187301749,17.99,USD,,Health technology,Medical specialties,7672575.266666656,9291277082.682104,USD,98.98679999999999,516469000.00000006,0.7957022968197895,-1.9532,USD,-77.70903466472569,4.131938378464339,0.37,USD,0.367691,USD,071813109
BBAI,"BigBear.ai, Inc.",4.18,USD,34888334,0.7818083472551836,4.18,USD,,Technology services,Packaged software,34357888.53333333,2002008664.41247,USD,98.896,478949000,15.49005348244994,-0.8773,USD,-13.478204630707536,7.138414217361564,-0.12,USD,-0.046667,USD,08975B109
BBBY,"Bed Bath & Beyond, Inc.",5.3,USD,1653494,0.19816686535159214,5.3,USD,,Retail trade,Internet retail,4000973.466666667,391874016.38059694,USD,98.18090000000001,73938500,0.3489483445107256,-0.9515,USD,79.60211803545779,10.57668463611876,-0.24,USD,-0.335,USD,690370101
BBIO,"BridgeBio Pharma, Inc.",67.39,USD,5364936,1.455757535466706,67.39,USD,,Health technology,Biotechnology,2469591.7666666666,13195381150.813343,USD,85.87330000000001,195806000,22.654362130792265,-3.7459,USD,-6.092103772516133,5.750079494626226,-0.84,USD,-0.59534,USD,10806X102
BBY,"Best Buy Co., Inc.",59.4,USD,2324162,0.7443239884376496,59.4,USD,11.768668396964713,Retail trade,Electronics/Appliance stores,3276822.1333333333,12421287407.044756,USD,92.95909999999999,209113000,0.2965543642512775,5.0473,USD,18.03788587464921,2.99708994709,2.61,USD,1.224089,USD,086516101
BCRX,"BioCryst Pharmaceuticals, Inc.",8.62,USD,5781362,1.4834840647966616,8.62,USD,,Health technology,Biotechnology,4290959.966666667,2190882023.629213,USD,90.2765,254163000,2.434297449746874,-1.7765,USD,-587.7661633759195,5.207988067616727,-2.98,USD,0.128889,USD,09058V103
BE,Bloom Energy Corporation,261.03,USD,13950570,1.281646839527394,261.03,USD,,Electronic technology,Electronic production equipment,10649020.366666667,74248389725.34232,USD,93.52659999999999,284444000,33.76413453996218,-0.0564,USD,32.85714285714286,7.3664904417117105,0.44,USD,0.36802,USD,093712107
BEAM,Beam Therapeutics Inc.,32.32,USD,2852289,1.231781829837254,32.32,USD,,Health technology,Biotechnology,2157192.933333333,3320740855.5703845,USD,91.03960000000001,102746000,19.813641593978502,-0.6871,USD,85.10223108779081,6.8277271923621,-0.91,USD,-1.105974,USD,07373V105
BETA,"Beta Technologies, Inc.",18.68,USD,1558532,0.9710573528903239,18.68,USD,,Electronic technology,Aerospace & defense,1487706.2333333334,4291743984.560312,USD,51.008900000000004,221249270,,,,,5.744264301009471,-2.02,USD,-0.6222,USD,086921103
BFLY,"Butterfly Network, Inc.",4.16,USD,4946051,0.791768845709135,4.16,USD,,Health technology,Medical specialties,5251513.833333333,1086881873.509434,USD,85.05879999999999,234843000,10.568122793734684,-0.3004,USD,-0.8053691275167829,9.749828296703326,-0.03,USD,-0.035,USD,124155102
BGC,"BGC Group, Inc.",11.39,USD,4896240,1.630795694031094,11.39,USD,31.010073509392868,Finance,Investment banks/Brokers,2849195.4,5466213980.108947,USD,98.4986,370460000,1.6754759862353787,0.3673,USD,39.18150814702538,2.7825787031231166,0.31,USD,0.34,USD,088929104
BGDE,"Big Digital Energy, Inc.",6.21,USD,170914,0.51944412785971,6.21,USD,,Technology services,Internet software/Services,1095440.2666666666,34072593.57437408,USD,65.6882,5486730,0.1604868083368036,-24.6402,USD,53.344441709427606,18.463883137796234,,,,,57778N406
BGS,"B&G Foods, Inc.",5.35,USD,1508153,1.0773044690742122,5.35,USD,,Consumer non-durables,Food: major diversified,1682823.2333333334,430199281.3560886,USD,94.7076,80411100,0.23704184477715468,-0.541,USD,82.9767149150409,3.6515353805073545,0.28,USD,0.052465,USD,05508R106
BHVN,Biohaven Ltd.,9.86,USD,1948040,1.0686915945017494,9.86,USD,,Health technology,Pharmaceuticals: major,2002403.2,1484531320.2997944,USD,83.3032,150560990,,-5.67,USD,39.45865143345257,7.320341929875304,-0.88,USD,-0.744801,USD,G1110E107
BIDU,"Baidu, Inc.",141.05,USD,5145525,2.385643037672206,141.05,USD,93.71470334197063,Technology services,Internet software/Services,2042675.6,48437420149.52447,USD,99.99760000000002,278227915.5,2.6495696434347513,1.5051,USD,-83.53480434521009,3.431701017876044,1.5182352,USD,1.67534659635,USD,056752108
BIIB,Biogen Inc.,193.45,USD,928507,0.888405189318819,193.45,USD,20.760670093688628,Health technology,Pharmaceuticals: major,1243575.4666666666,28560400717.83598,USD,99.29,147637000,2.958292571142867,9.3181,USD,-7.97665369649806,2.691902669571176,3.57,USD,3.331594,USD,09062X103
BILI,Bilibili Inc.,22.06,USD,2178176,1.1890174236478313,22.06,USD,59.799403632420706,Technology services,Packaged software,2018725.4333333333,9379835627.04897,USD,99.98410000000003,336924000,2.3810692503045807,0.3689,USD,,2.819162025644606,0.2773424,USD,0.16839025389,USD,090040106
BILL,"BILL Holdings, Inc.",41.83,USD,7317137,4.151046592171989,41.83,USD,,Technology services,Packaged software,2099852.3333333335,4139514935.959639,USD,87.5739,98960400,2.336447556869738,-0.0099,USD,53.08056872037914,4.366295550015012,0.68,USD,0.641176,USD,090043100
BIRD,"Allbirds, Inc.",5.6,USD,488668,0.5272049414431904,5.6,USD,,Retail trade,Apparel/Footwear retail,12407315.266666668,49073702.12218648,USD,90.0325,6220796,,-9.1315,USD,17.587227667370612,15.566836734693787,,,-1.495,USD,01675A208
BKD,Brookdale Senior Living Inc.,12.98,USD,5118164,1.543265050415177,12.98,USD,,Health services,Hospital/Nursing management,3382546.3,3086545501.3274336,USD,90.2308,237792000,1.0266261289934857,-0.8634,USD,16.692396758008496,3.4901496808277575,-0.03,USD,-0.0674,USD,112463104
BKKT,"Bakkt, Inc.",9.85,USD,2500846,2.911211882573502,9.85,USD,,Commercial services,Miscellaneous commercial services,1083138.7666666668,301036649.2865497,USD,67.59,30562100,0.09269569626485023,-5.4653,USD,31.058971933144118,6.144162436548205,-6.73,USD,-0.1,USD,05759B305
BKNG,Booking Holdings Inc. Common Stock,165.93,USD,8854722,1.1052735247786263,165.93,USD,21.81452461085402,Consumer services,Other consumer services,7563000.633333334,128575574977.4061,USD,99.9907,774878000,4.911919673492981,7.6064,USD,18.312049898119483,4.04172155211723,1.14,USD,2.451163,USD,09857L108
BKR,Baker Hughes Company,63.89,USD,7728440,0.8351709993612625,63.89,USD,20.371137965118134,Industrial services,Contract drilling,8447274.9,63383265760.37652,USD,99.85499999999999,992069000,2.268521851360555,3.1363,USD,7.1213880729558,3.000122979227659,0.58,USD,0.488476,USD,05722G100
BKSY,BlackSky Technology Inc.,39.45,USD,3252993,1.7759915669427695,39.45,USD,,Technology services,Packaged software,2179969.7333333334,1463951225.9134617,USD,83.0467,37109000,11.917312202852628,-2.5506,USD,1.8093624884508668,10.156436719174385,-0.82,USD,-0.356802,USD,09263B207
BLMN,"Bloomin' Brands, Inc.",8.12,USD,6772543,2.1596071054688335,8.12,USD,32.35059760956175,Consumer services,Restaurants,2591755.7333333334,692048281.5496854,USD,98.7106,85227600,0.17188793706624325,0.251,USD,,5.40895496129496,0.67,USD,0.288404,USD,094235108
BLND,"Blend Labs, Inc.",1.38,USD,4118268,1.6380231468871471,1.38,USD,,Technology services,Packaged software,3343762.033333333,354817786.81481475,USD,69.8753,253858000,3.245611862626767,-0.0955,USD,54.02022147327876,7.656832298136361,0,USD,0.016,USD,09352U108
BLSH,Bullish,43.66,USD,1524499,1.233487279982782,43.66,USD,,Technology services,Packaged software,1153459.7666666666,6562194187.642716,USD,24.9121,150302220,0.025384265884351262,-4.0846,USD,,6.259701590210172,0.195359,USD,0.15437,USD,G16910120
BLZE,"Backblaze, Inc.",7.48,USD,2452155,0.46754224497687924,7.48,USD,,Electronic technology,Computer peripherals,2154093.3666666667,448800000,USD,94.27590000000001,60000000,2.966724904595428,-0.3907,USD,61.28616726119699,5.242551566080927,0.04,USD,0.018571,USD,05637B105
BMBL,Bumble Inc.,3.62,USD,4064838,1.1547666605095597,3.62,USD,,Technology services,Packaged software,3136469.7,469932972.1040463,USD,68.4091,129816000,0.48288291707306585,-5.6306,USD,-20.373695912433735,7.172257300710318,0.34,USD,0.244424,USD,12047B105
BMEA,"Biomea Fusion, Inc.",1.54,USD,1080935,0.6229133166014479,1.54,USD,,Health technology,Pharmaceuticals: major,1895030.5666666667,111341134.57668713,USD,93.23740000000001,72299400,,-1.5197,USD,60.380113147535,9.716604823747813,0.06,USD,-0.231287,USD,09077A106
BMNR,"BitMine Immersion Technologies, Inc.",22.17,USD,28645987,0.8826760299102393,22.17,USD,,Finance,Financial conglomerates,40607214.766666666,12627517261.978638,USD,99.06769999999999,569576840,598.5162414343299,-8.6881,USD,-206.804859100219,4.431664411366542,0,USD,0.07,USD,09175A206
BMRN,BioMarin Pharmaceutical Inc.,54.06,USD,1971432,1.0106198976416654,54.06,USD,39.44545786209412,Health technology,Biotechnology,1725617.5666666667,10448956570.883593,USD,98.5064,193284000,3.2537505946073613,1.3705,USD,-49.146567717996284,3.0290285925691207,0.54,USD,0.825789,USD,09061G101
BMY,Bristol-Myers Squibb Company,56.16,USD,9964346,0.8435154688965402,56.16,USD,15.763768034581483,Health technology,Pharmaceuticals: major,10387024.466666667,114682723593.984,USD,,2042070000,2.3749793737882063,3.5626,USD,33.756335648582706,2.3097654660154325,1.58,USD,1.610725,USD,110122108
BN,Brookfield Corporation,47.08,USD,4336868,0.7577389172243493,47.08,USD,95.63989345537102,Finance,Investment managers,5808990.900000002,105328026128.42488,USD,81.31200000000001,2237130000,1.3897608748196788,0.4922632,USD,153.90476750477492,2.441133632722621,0.6238533091999999,USD,0.60591368412,USD,11271J107
BOBS,"Bob's Discount Furniture, Inc.",13.64,USD,2251932,1.6492925441889357,13.64,USD,,Retail trade,Specialty stores,1278146.7333333334,1778206834.8,USD,23.307899999999997,130367070.00000001,,,,,6.821742773355623,0.09,USD,0.198426,USD,09681N106
BORR,Borr Drilling Limited,5.85,USD,5637050,0.7866348670097891,5.85,USD,37.962362102530825,Industrial services,Contract drilling,7509622.066666666,1800051188.578767,USD,87.9096,307701080,1.664372195924332,0.1541,USD,-47.99190010124874,4.710500610500679,0,USD,-0.015869,USD,G1466R173
BRBR,"BellRing Brands, Inc.",10.31,USD,6085491,0.8615044989698738,10.31,USD,7.975555039839097,Health technology,Pharmaceuticals: other,4582531.6,1198824688.6969407,USD,98.2226,116278000,0.5271046875670122,1.2927,USD,-39.686464797275235,9.908826382153123,0.14,USD,0.396713,USD,07831C103
BRKR,Bruker Corporation,44.16,USD,2634299,1.263080194570906,44.16,USD,,Health technology,Medical specialties,1981506.6,6722173992.466499,USD,72.63459999999999,152223000,1.930770854416655,-0.2404,USD,-145.78175585602744,4.543542960662431,0.31,USD,0.385947,USD,116794108
BROS,Dutch Bros Inc.,52.71,USD,5783878,1.1248575860194834,52.71,USD,83.15191670610507,Consumer services,Restaurants,4576304.166666667,8685745044.56033,USD,96.68,127292625,3.902978827630934,0.6339,USD,64.56386292834893,4.757107623926063,0.16,USD,0.291072,USD,26701L100
BRZE,"Braze, Inc.",21.72,USD,3356669,1.318449683360192,21.72,USD,,Technology services,Internet software/Services,3049712.3,2464105804.3646016,USD,74.69449999999999,113448700,3.323003541132131,-1.2291,USD,-20.42915931804822,5.243685872138979,0.1,USD,0.103012,USD,10576N102
BSX,Boston Scientific Corporation,53.93,USD,20827003,1.133962284214051,53.93,USD,22.614055686011408,Health technology,Medical specialties,19119010.766666666,80159130247.46703,USD,99.48360000000001,1486360000,4.102819548872174,2.3848,USD,74.73622508792495,3.898890095626615,0.8,USD,0.832261,USD,101137107
BSY,"Bentley Systems, Incorporated",32.76,USD,2713310,1.4102314557949707,32.76,USD,37.43572163181351,Technology services,Information technology services,2159531.2666666666,9935098492.122545,USD,41.841499999999996,291732000,6.956420795824658,0.8751,USD,11.250953470633108,4.01731205302605,0.38,USD,0.319828,USD,08265T208
BTAI,"BioXcel Therapeutics, Inc.",1.22,USD,561068,0.7059077823757574,1.22,USD,,Health technology,Biotechnology,1006919.9,33030996.258064516,USD,96.1081,27074600,23.57931464174453,-7.152,USD,72.397716791003,7.373536299765972,-0.58,USD,-0.5325,USD,09075P204
BTBT,"Bit Digital, Inc.",1.8,USD,26462259,1.3418384464127266,1.8,USD,,Commercial services,Miscellaneous commercial services,19256979.666666668,587838990.4918034,USD,98.0997,326577000,5.223999953014347,-0.3548,USD,-246.30927835051546,5.694047619047607,-0.53,USD,-0.04,USD,G1144A105
BTDR,Bitdeer Technologies Group,13.47,USD,5889702,0.895703548915956,13.47,USD,922.6027397260274,Technology services,Data processing services,6668206.733333333,3247012285.567197,USD,65.34410000000001,196655000,5.983358403744051,0.0146,USD,,6.753367271184631,-0.308085,USD,-0.459,USD,G11448100
BTU,Peabody Energy Corporation,23.59,USD,2356140,0.6893777588466986,23.59,USD,,Energy minerals,Coal,3511831.533333333,2873262035.2820935,USD,93.59580000000001,121800000,0.7533839601826684,-0.9838,USD,-136.87682734837693,4.4767758735541685,-0.26,USD,0.069684,USD,704551100
BULL,Webull Corporation,7.03,USD,8063139,0.7429438299458808,7.03,USD,,Technology services,Packaged software,13746173.8,3738685204.5658813,USD,62.607200000000006,447959660,6.764118049585036,-1.1863,USD,-187.27286103141324,5.284596626702275,0.027265,USD,0.035,USD,G9572D103
BW,"Babcock & Wilcox Enterprises, Inc.",14.54,USD,2536651,0.8847134727859641,14.54,USD,,Electronic technology,Electronic equipment/Instruments,2995180.533333333,1973685879.77628,USD,96.5159,135742000,2.845315060471396,-0.8729,USD,38.82113821138212,9.149685596384344,-0.05,USD,-0.0369,USD,05614L209
BWA,BorgWarner Inc.,61.32,USD,3121388,1.209480794255382,61.32,USD,37.100677637947726,Producer manufacturing,Trucks/Construction/Farm machinery,2044042.1333333333,12577648459.967684,USD,99.21700000000001,205115000,0.8454649086089018,1.6528,USD,32.893784674760795,3.1057373497344534,1.24,USD,1.271918,USD,099724106
BWIN,"The Baldwin Insurance Group, Inc.",20.18,USD,1098558,0.7796546223661698,20.18,USD,,Finance,Insurance brokers/Services,1431659.5,2877014571.0228786,USD,97.7298,97489900,1.2511140755083718,-0.6698,USD,-29.03101521864765,6.201330879229672,0.63,USD,0.48159,USD,05589G102
BX,Blackstone Inc.,123.77,USD,3288293,0.5791303234448774,123.77,USD,31.731015741168026,Finance,Investment managers,6504797.533333333,151100283363.81314,USD,98.85879999999999,742181000,6.292557979334789,3.9006,USD,17.999757986447232,3.2513475455625933,1.36,USD,1.360804,USD,09260D107
BXSL,Blackstone Secured Lending Fund,24.18,USD,2865085,0.9937693378220546,24.18,USD,12.671627711979877,Miscellaneous,Investment trusts,2733170.966666667,5616526084.128078,USD,87.0931,232279820,4.594965923845143,1.9082,USD,-39.73026752155649,2.6206132577100605,0.77,USD,0.711886,USD,09261X102
BZ,KANZHUN LIMITED - American Depository Shares,14.02,USD,4220753,1.3978808793380686,14.02,USD,17.105905319668132,Commercial services,Commercial printing/Forms,3729453.5,6895588689.2323,USD,98.89030000000001,402378404,5.917758216726317,0.8196,USD,69.19900908340215,3.363001834114559,0.271624,USD,0.258105837,USD,48553T106
BZAI,"Blaize Holdings, Inc.",1.87,USD,8888156,0.6376438674866722,1.87,USD,,Electronic technology,Semiconductors,12224228.333333334,229632130.22404373,USD,68.3101,122797930,5.522102734261747,-2.1752,USD,-700.8836524300441,12.868601986248784,-0.03,USD,-0.122,USD,092915107
C,"Citigroup, Inc.",125.55,USD,16107378,1.3549551292579782,125.55,USD,15.557620817843866,Finance,Major banks,12828828.733333332,215306626838.92746,USD,99.6699,1714910000,2.5285244455228244,8.07,USD,27.480096044483766,2.5714115036696197,3.06,USD,2.626872,USD,172967424
CABA,"Cabaletta Bio, Inc.",3.88,USD,4655524,0.7383688513009721,3.88,USD,,Health technology,Biotechnology,3527476.4,632633183.26,USD,87.56580000000001,163050000,,-2.2936,USD,1.7898432816648042,7.934278350515777,-0.4,USD,-0.400362,USD,12674W109
CADL,"Candel Therapeutics, Inc.",8.35,USD,2527102,1.4565546087083925,8.35,USD,,Health technology,Biotechnology,1754539.0666666667,611611887.2593068,USD,80.3552,73246900,,-0.701,USD,60.03648594720941,6.306244653550023,-0.54,USD,-0.295842,USD,137404109
CAG,"ConAgra Brands, Inc.",14.13,USD,10280096,0.7458453645120484,14.13,USD,,Consumer non-durables,Food: major diversified,14910749.233333332,6760316969.843315,USD,99.3413,478437000,0.6162009784193259,-0.0921,USD,-113.47673397717296,2.671671216257428,0.39,USD,0.459708,USD,205887102
CAI,"Caris Life Sciences, Inc.",16.15,USD,8866148,4.748549844614254,16.15,USD,,Health technology,Biotechnology,2173493.533333333,4563665339.415322,USD,42.4768,282579930,6.178866910307722,-1.4655,USD,-10.989094213874584,6.627598407784088,0,USD,0.021962,USD,142152107
CAPR,"Capricor Therapeutics, Inc.",30.38,USD,3706726,4.027853902515036,30.38,USD,,Health technology,Pharmaceuticals: major,1068850.5,1757182262.1679432,USD,90.4723,57840100,,-2.2564,USD,-88.47310390912129,6.7860434496378685,-0.62,USD,-0.53125,USD,14070B309
CAR,"Avis Budget Group, Inc.",145.75,USD,1044607,0.32533607636171435,145.75,USD,,Finance,Finance/Rental/Leasing,4788131.233333333,5148616556.086915,USD,98.4122,35325000,0.4627568073519398,-19.0129,USD,69.79240810412325,51.7217887772605,-6.310283,USD,2.118363,USD,053774105
CARG,"CarGurus, Inc.",34.745,USD,1907450,1.4926556287856343,34.745,USD,22.78360655737705,Technology services,Internet software/Services,1044795.2666666667,3133542227.9896493,USD,95.11030000000001,75970600,3.790424200848549,1.525,USD,327.8900112233445,3.4773759842114957,0.58,USD,0.605687,USD,141788109
CARR,Carrier Global Corporation,66.83,USD,4981522,0.6418993529196022,66.83,USD,43.90644504303265,Producer manufacturing,Industrial machinery,6862706.266666667,55507692102.82743,USD,93.83709999999999,830580000,2.5904442615454912,1.5221,USD,-65.07102370516557,3.4132340052585355,0.57,USD,0.814375,USD,14448C104
CART,Maplebear Inc.,40.35,USD,6067529,1.3338364699462744,40.35,USD,22.632936953107475,Transportation,Air freight/Couriers,3937423.4,9551256581.683338,USD,89.9698,236710190,2.4933100491718436,1.7828,USD,17.096880131362887,5.127456186935601,0.57,USD,0.535233,USD,565394103
CAT,"Caterpillar, Inc.",897.45,USD,2026238,0.7373113290553437,897.45,USD,44.64792095758336,Producer manufacturing,Trucks/Construction/Farm machinery,2370543.066666667,413398698249.3198,USD,99.781,460637000,5.896578361953227,20.1006,USD,-2.04958774340682,2.6828132088536227,5.54,USD,6.039104,USD,149123101
CATX,"Perspective Therapeutics, Inc.",3.76,USD,794716,0.4246858099012703,3.76,USD,,Health technology,Medical specialties,1339434.4000000039,428706771.3333333,USD,81.2353,114018000,302.73389592760213,-1.3945,USD,-15.611009782788937,8.646276595744562,-0.51,USD,-0.293546,USD,46489V302
CAVA,"CAVA Group, Inc.",79.4,USD,4019249,1.6497048467246604,79.4,USD,147.39186931501766,Consumer services,Restaurants,2607323.8333333335,9243143425.445723,USD,85.62870000000001,116412384,8.450694824967108,0.5387,USD,-51.04507451835697,5.054228139618559,0.04,USD,0.173208,USD,148929102
CBRL,"Cracker Barrel Old Country Store, Inc.",31.49,USD,1027684,1.0801098309181918,31.49,USD,,Consumer services,Restaurants,1007517.9,703833696.6295345,USD,98.11159999999998,22351000,0.20816803623807303,-0.1882,USD,-111.74561567746363,4.495531461234823,0.25,USD,-0.458175,USD,22410J106
CC,Chemours Company (The),23.04,USD,2881459,0.7829107457095256,23.04,USD,,Process industries,Chemicals: specialty,2841164.6333333333,3464702202.859438,USD,99.06769999999999,150378000,0.5804312309860842,-2.7358,USD,-1429.3488824101066,5.786520337301612,0.05,USD,0.562359,USD,163851108
CCC,CCC Intelligent Solutions Holdings Inc.,5.13,USD,8868136,0.5118615279035462,5.13,USD,93.95604395604396,Technology services,Packaged software,11705027.9,3011005052.5163145,USD,94.11289999999998,586941000,2.910241219589399,0.0546,USD,284.50704225352115,6.028961292119132,0.11,USD,0.096273,USD,12510Q100
CCCC,"C4 Therapeutics, Inc.",2.95,USD,1341133,0.5686532108081394,2.95,USD,,Health technology,Biotechnology,2838495.1666666665,287855605.8557047,USD,84.0371,97578200,9.681398500013906,-1.3568,USD,10.489510489510492,8.051815980629625,-0.18,USD,-0.250629,USD,12529R107
CCEP,Coca-Cola Europacific Partners plc,94.57,USD,1960196,1.2428035554829673,94.57,USD,19.62236746550472,Consumer non-durables,Beverages: non-alcoholic,1745175.8666666667,42376280771.9169,USD,45.1665,448094000,1.7950625040377493,4.8195,USD,44.86894312853191,2.0075831961208332,2.4547258999999997,USD,2.50065027594,USD,
CCK,"Crown Holdings, Inc.",101.19,USD,930611,0.6820683092205808,101.19,USD,16.109722509671563,Process industries,Containers/Packaging,1155911.3333333333,11307640086.613413,USD,99.04499999999999,111747000,0.8912715517241396,6.2813,USD,34.9743215076176,2.408114861717141,1.86,USD,2.157854,USD,228368106
CCL,Carnival Corporation Ltd.,26.38,USD,29272211,0.9218261534189449,26.38,USD,11.728614618531033,Consumer services,Hotels/Resorts/Cruise lines,28949208.4,36490872429.45111,USD,,1239000000,1.3932384341637,2.2492,USD,49.77691949124326,3.8340734322539234,0.2,USD,0.32596,USD,G2004J103
CCOI,"Cogent Communications Holdings, Inc.",16.65,USD,1184460,0.5824488491095755,16.65,USD,,Communications,Major telecommunications,1295988.9666666666,833793080.6249999,USD,95.209,50077700,0.8055387373708689,-3.56,USD,11.312623003911211,9.07550407550477,-0.83,USD,-0.951029,USD,19239V302
CDE,"Coeur Mining, Inc.",18.56,USD,18315805,0.914466153305652,18.56,USD,15.34264693725717,Non-energy minerals,Precious metals,21379677.933333334,19200520264.65342,USD,99.36840000000001,1034510000,4.935690936593576,1.2097,USD,326.7019400352734,4.695197044334949,0.36,USD,0.382857,USD,192108504
CDNS,"Cadence Design Systems, Inc.",362.7,USD,2286868,0.8024459768643611,362.7,USD,84.67374810318664,Technology services,Packaged software,2411010,100038464942.87054,USD,99.55259999999998,275816000,17.670336574471737,4.2835,USD,8.486982068686055,3.1720705817480868,1.96,USD,2.052254,USD,127387108
CDW,CDW Corporation,104.79,USD,2685422,1.2069036805811355,104.79,USD,12.757331904895242,Technology services,Information technology services,1774682.9333333333,13387284295.557714,USD,99.54180000000001,127753000,0.6230528098913782,8.2141,USD,1.7995017908265176,5.344846154894832,2.28,USD,2.780051,USD,12514G108
CE,Celanese Corporation,57.17,USD,2927718,1.3477114111745703,57.17,USD,,Process industries,Chemicals: specialty,2375326.9,6269407382.4318495,USD,99.46549999999999,109663000,0.6766509170670038,-9.9986,USD,34.277676259087386,4.78527699342809,0.85,USD,2.196875,USD,150870103
CEG,Constellation Energy Corporation,303.63,USD,2926785,1.0930127305564536,303.63,USD,41.03551735322737,Utilities,Electric utilities,2825874.7666666666,110003532569.19843,USD,93.5817,362294680,3.629107162811488,7.3992,USD,-37.757514069163925,4.256334072014342,2.3,USD,2.544859,USD,21037T109
CELH,"Celsius Holdings, Inc.",32.29,USD,13580095,1.5247422619759248,32.29,USD,76.69833729216153,Consumer non-durables,Beverages: non-alcoholic,7716860.199999999,8295174264.106247,USD,73.59039999999999,256896000.00000003,2.997874640235434,0.421,USD,34.033747214262974,5.123213732690281,0.41,USD,0.438341,USD,15118V207
CENX,Century Aluminum Company,58.91,USD,2514617,2.1697273397860988,58.91,USD,17.613993123037822,Non-energy minerals,Aluminum,1759722.3666666667,5830561155.193958,USD,68.59190000000001,98974000,2.4916121421830786,3.3445,USD,194.90344766775414,4.6940369086015385,1.63,USD,2.356667,USD,156431108
CERS,Cerus Corporation,2.61,USD,2201379,0.5208374712988347,2.61,USD,,Health technology,Medical specialties,2172288.1333333333,522962997.99999994,USD,94.36060000000002,200369000,2.3398703331717208,-0.0497,USD,51.22669283611384,6.964969896004376,-0.01,USD,-0.013333,USD,157085101
CF,"CF Industries Holdings, Inc.",115.02,USD,3064199,0.9635407470609731,115.02,USD,10.338783471609243,Process industries,Chemicals: agricultural,3932479.4000000157,17668962953.804348,USD,99.4591,153616000,2.475504252733902,11.1251,USD,46.73428473449576,4.152501428322805,4.096505,USD,5.180656,USD,125269100
CFG,"Citizens Financial Group, Inc.",63.73,USD,3212282,0.8425268982343871,63.73,USD,15.092239562365311,Finance,Major banks,4550872.4,26950265751.58829,USD,99.04950000000001,422882000,3.2722349688443715,4.2227,USD,34.463762578015526,2.197888413171552,1.13,USD,1.234837,USD,174610105
CGNX,Cognex Corporation,65.66,USD,4252901,1.352604069928682,65.66,USD,77.69494734350964,Electronic technology,Electronic equipment/Instruments,2192563.566666667,10966129413.909283,USD,99.62650000000001,167014000,10.604154839695829,0.8451,USD,23.58876864580287,4.095615617248929,0.34,USD,0.384832,USD,192422103
CGON,"CG Oncology, Inc.",69.62,USD,1140310,1.6960807091140746,69.62,USD,,Health technology,Biotechnology,1043241.2666666667,5878378897.729979,USD,66.33120000000001,84435200,1371.5935170937362,-2.0823,USD,-80.12975778546715,3.8802376164484444,-0.71,USD,-0.62007,USD,156944100
CGTX,"Cognition Therapeutics, Inc.",1.21,USD,690149,0.8502146636525467,1.21,USD,,Health technology,Biotechnology,1471878.9,108118064.62068965,USD,91.50699999999999,89353775,,-0.2578,USD,64.56844420010995,8.235537190082665,-0.05,USD,-0.065,USD,19243B102
CHDN,"Churchill Downs, Incorporated",88.13,USD,791714,0.6663416236144535,88.13,USD,16.339130112351217,Consumer services,Movies/Entertainment,1022050.6666666666,6142388311.794261,USD,93.93780000000001,69696900,2.1109527203611305,5.3938,USD,-3.9907440370238625,4.159415473894812,1.21,USD,3.459234,USD,171484108
CHGG,"Chegg, Inc.",1.16,USD,4217365,1.9765594803631026,1.16,USD,,Commercial services,Miscellaneous commercial services,1860472.8,129872100.15624997,USD,90.9898,111959000,0.44861012036400943,-0.7926,USD,90.43585288155226,10.065886699507423,0.03,USD,-0.05,USD,163092109
CHKP,Check Point Software Technologies Ltd.,114.93,USD,2014797,0.7517935440808652,114.93,USD,11.814836136354291,Technology services,Internet software/Services,1678799.5666666667,11979474958.088785,USD,76.6063,104233000,4.448808417991552,9.7276,USD,28.45277238574392,4.255267181265472,2.5,USD,2.449653,USD,
CHWY,"Chewy, Inc.",22.97,USD,13906177,2.000925484604214,22.97,USD,43.91969407265774,Retail trade,Internet retail,7533902.5,9571069789.444023,USD,98.62310000000001,240199000,0.7966073086537314,0.523,USD,-41.843656177026574,5.329249331425732,0.09,USD,0.24046,USD,16679L109
CHYM,"Chime Financial, Inc.",18.425,USD,7566661,1.2932711031322492,18.425,USD,,Finance,Regional banks,4478082.5,7037766907.388217,USD,46.8673,349836060,3.377258288666598,-2.6244,USD,-2198.073555166375,5.960457452994568,0.13,USD,-0.006322,USD,16935C109
CIEN,Ciena Corporation,548.11,USD,1498364,0.7115411190326152,548.11,USD,348.0726487584937,Electronic technology,Telecommunications equipment,2475782.966666667,77501890619.92775,USD,98.46789999999999,141398000,15.329086482046582,1.5747,USD,191.7191552426825,5.749621426356045,1.35,USD,1.458244,USD,171779309
CIFR,Cipher Digital Inc.,20.55,USD,24372689,0.8749892666781247,20.55,USD,,Technology services,Data processing services,26328375.966666665,8405960726.192893,USD,81.3322,409049000,39.93760508135507,-2.2256,USD,-502.3274695534506,8.187799791449429,-0.28,USD,-0.238861,USD,17253J106
CLBT,Cellebrite DI Ltd.,13.62,USD,1574982,0.8239696612472909,13.62,USD,43.73795761078998,Technology services,Packaged software,1976055.7666666666,3397370442.881969,USD,49.4112,249440000,7.301688000378402,0.3114,USD,,3.6066881686594625,0.08,USD,0.053773,USD,
CLDX,"Celldex Therapeutics, Inc.",33.97,USD,794141,1.2199365530560513,33.97,USD,,Health technology,Biotechnology,1033759.9,2665391367.327431,USD,97.14260000000002,78463100,2561.176812933019,-4.267,USD,-58.130744144678346,4.031982000925187,-1.18,USD,-1.085432,USD,15117B202
CLF,Cleveland-Cliffs Inc.,11.02,USD,10745362,0.5241302587949984,11.02,USD,,Non-energy minerals,Steel,17105075.033333335,6285969469.385915,USD,98.95660000000002,570415000,0.3210376011423134,-2.3386,USD,3.8760327181552903,5.0703266787659595,-0.4,USD,-0.196667,USD,185899101
CLMT,"Calumet, Inc",32.08,USD,2196578,2.155990191059196,32.08,USD,,Energy minerals,Oil refining/Marketing,1282696.0666666667,2783792027.5596647,USD,77.7723,86776500,0.7270733542336422,-0.4011,USD,84.761796216093,4.78184004275031,-3.64,USD,0.071748,USD,131428104
CLNE,Clean Energy Fuels Corp.,2.21,USD,2302702,2.080767730064831,2.21,USD,,Utilities,Gas distributors,1368144.7,484942396.1515151,USD,63.559200000000004,219431000,1.1877690174865985,-0.9999,USD,-168.86259747243884,5.37459599224311,-0.01,USD,-0.010231,USD,184499101
CLOV,"Clover Health Investments, Corp.",3.12,USD,10341983,1.916915816396085,3.12,USD,,Finance,Life/Health insurance,5737538.233333333,1636961945.0212767,USD,92.25450000000001,428951000,0.6806684976243637,-0.1123,USD,-120.19607843137257,5.244276556776542,0.073301,USD,0.03864,USD,18914F103
CLSK,"CleanSpark, Inc.",14.2,USD,15789589,0.7697214771014964,14.2,USD,,Technology services,Data processing services,19973434.233333334,3631691048.9699564,USD,96.2935,255753000,5.011563838240005,-1.071,USD,-815.4308617234468,5.545774647887321,-1.35,USD,-0.562682,USD,18452B209
CLX,Clorox Company (The),92.16,USD,3286934,0.6756427203554212,92.16,USD,14.969544383984406,Consumer non-durables,Household/Personal care,3166626.3666666667,11144111558.468786,USD,99.3657,120921000,1.659437954142012,6.1565,USD,10.55542586240955,2.895197792658868,1.64,USD,1.684506,USD,189054109
CMCSA,Comcast Corporation,25.4,USD,36571542,1.0628225502824937,25.4,USD,4.995083579154375,Consumer services,Cable/Satellite TV,29424484.666666668,90734604497.24847,USD,99.2352,3562780000,0.7575957470585419,5.085,USD,24.843485306032253,3.8248875140606433,0.79,USD,0.976396,USD,20030N101
CME,CME Group Inc.,281.25,USD,2267593,1.0885760703204261,281.25,USD,24.003584535290603,Finance,Investment banks/Brokers,2256022.7,101913574893.56369,USD,99.5695,362356000,15.41581066524622,11.717,USD,17.79430984216348,2.0298387301588363,3.36,USD,2.97957,USD,12572Q105
CMG,"Chipotle Mexican Grill, Inc.",32.49,USD,12920142,0.6257780243664822,32.49,USD,29.763649688530602,Consumer services,Restaurants,15891449.566666666,41676028519.3688,USD,99.257,1282730000,3.5681944056105364,1.0916,USD,-4.085756963359985,3.531086488150242,0.24,USD,0.319192,USD,169656105
CMPS,COMPASS Pathways Plc - American Depository Shares,9.91,USD,3515500,0.8537948405922167,9.91,USD,,Health technology,Biotechnology,4547784.866666666,902245554,USD,97.3229,96085785,,-3.0542,USD,-32.72205805666607,7.385469223006987,-1,USD,-0.439167,USD,20451W101
CMPX,"Compass Therapeutics, Inc.",1.83,USD,6436136,0.2203120365834578,1.83,USD,,Health technology,Pharmaceuticals: major,11758684.266666668,329560885.30939233,USD,67.10629999999999,180088000,,-0.4115,USD,-2.720918622066891,15.64558938329434,-0.1,USD,-0.108667,USD,20454B104
CNH,CNH Industrial N.V.,10.96,USD,18657828,1.0731439775626292,10.96,USD,35.53826199740597,Producer manufacturing,Trucks/Construction/Farm machinery,16814096.89999999,13589857007.830261,USD,70.1471,1239950000,0.7453136572154986,0.3084,USD,-62.879152623976886,3.476929092805288,0.01,USD,0.107298,USD,
CODI,D/B/A Compass Diversified Holdings Shares of Beneficial Interest,12.48,USD,1117944,1.299941988055051,12.48,USD,,Finance,Investment managers,1221798.9333333333,938944879.5610974,USD,88.4669,75236000,0.49012114818938424,-3.8369,USD,-1.6747489201579389,4.772035256410223,-0.164421,USD,0.0475,USD,20451Q104
COF,Capital One Financial Corporation,189.48,USD,4644991,1.1180165649698857,189.48,USD,66.75121538786725,Finance,Major banks,4293673.166666667,117297774495.46622,USD,99.13189999999999,619051000,2.050880681915239,2.8386,USD,-76.16424552859182,2.420722880665783,4.42,USD,4.804829,USD,14040H105
COHR,Coherent Corp.,335.26,USD,7879846,1.123930572710016,335.26,USD,160.0591998472262,Electronic technology,Semiconductors,6198628.333333333,65590041608.059715,USD,94.3605,195639000,9.493778707758555,2.0946,USD,,6.88146513153974,1.41,USD,1.609563,USD,19247G107
COHU,"Cohu, Inc.",49.54,USD,735775,0.36692384789826477,49.54,USD,,Electronic technology,Semiconductors,1229943.2666666666,2337066636.5829825,USD,96.72099999999999,47175300,4.636343402357878,-1.1864,USD,35.48667754214247,5.086409250821855,0.01,USD,0.137143,USD,192576106
COIN,"Coinbase Global, Inc.",201.16,USD,12738247,1.491970075956764,201.16,USD,75.6439664573384,Finance,Investment banks/Brokers,9961881.033333333,53121327000,USD,96.1433,223041000,7.716246940519429,2.6593,USD,-50.16491136014392,4.954322074823443,-1.49,USD,0.169044,USD,19260Q107
COLB,"Columbia Banking System, Inc.",30.04,USD,3398838,1.4045955813755222,30.04,USD,11.987230646448523,Finance,Regional banks,2633175.6666666665,8696291067.231394,USD,99.20840000000001,289490000,3.473843590650166,2.506,USD,5.841111627317635,2.433659882062085,0.72,USD,0.730904,USD,197236102
COP,ConocoPhillips,113.87,USD,7996459,0.8124585170565137,113.87,USD,19.361694892198873,Energy minerals,Oil & gas production,9136998.899999999,138727128235.6561,USD,99.89289999999998,1218290000,2.4322203463652374,5.8812,USD,-25.34653465346535,2.5315836354740995,1.89,USD,2.790855,USD,20825C104
CORZ,"Core Scientific, Inc.",22.92,USD,14758678,0.7585507480031727,22.92,USD,,Technology services,Data processing services,15252950.866666667,7285930918.143114,USD,94.6697,317885280,20.35386668470821,-1.1469,USD,77.29495377427594,5.169564946397444,-1.06,USD,-0.02504,USD,21874A106
COTY,Coty Inc.,2.47,USD,5926174,0.6264917129451895,2.47,USD,,Consumer non-durables,Household/Personal care,8619613.666666666,2174752084.076,USD,42.4799,880466000,0.3799354036408857,-0.6212,USD,-32.11399404508719,5.335454019663903,0.019936,USD,-0.010272,USD,222070203
COUR,"Coursera, Inc.",5.78,USD,6623230,1.0046598946173702,5.78,USD,,Technology services,Internet software/Services,5372008.433333334,978554014.7496014,USD,79.20769999999999,169300000,1.3667773614162042,-0.3821,USD,8.610380291796229,6.445007414731249,0.07,USD,0.085355,USD,22266M104
CPB,The Campbell's Company,20.84,USD,6419958,0.9329679369084006,20.84,USD,11.329165534112532,Consumer non-durables,Food: specialty/candy,8011072.1,6213373369.903059,USD,64.4464,298146000,0.6330327787187406,1.8395,USD,5.955878117619949,2.9054702495203375,0.51,USD,0.486186,USD,134429109
CPNG,"Coupang, Inc.",16.98,USD,24177444,0.9501585313363108,16.98,USD,,Retail trade,Internet retail,21286472.866666667,31046038410.250877,USD,77.30210000000001,1670390000,0.894577284372329,-0.0918,USD,-166.3774403470716,4.381204778731391,-0.15,USD,-0.047134,USD,22266T109
CPRI,Capri Holdings Limited,18.53,USD,2197170,0.8158846730599796,18.53,USD,,Retail trade,Apparel/Footwear retail,2580637.533333333,2208069426.0165863,USD,97.385,119162000,0.6070634318068673,-4.6397,USD,45.79979673609569,3.906021124045853,0.81,USD,0.116101,USD,G1890L107
CPRX,"Catalyst Pharmaceuticals, Inc.",31.15,USD,4400681,1.1653579867975838,31.15,USD,18.49432998871935,Health technology,Pharmaceuticals: major,2246270.8,3811079459.249158,USD,89.77810000000001,122346000,6.742435249656615,1.6843,USD,28.70023687628944,4.159596422838846,0.41,USD,0.475,USD,14888U101
CRBU,"Caribou Biosciences, Inc.",1.94,USD,891597,0.6611177376350323,1.94,USD,,Health technology,Biotechnology,1375793.7,188085390.94680852,USD,89.0188,96951200,16.086764802285053,-1.4187,USD,12.506938020351518,5.997422680412357,-0.26,USD,-0.338333,USD,142038108
CRCL,"Circle Internet Group, Inc.",113.67,USD,16407825,1.1205799426385072,113.67,USD,,Technology services,Packaged software,13074955.933333334,28100407197.805035,USD,79.2444,228495770,9.988863401200476,-0.5429,USD,-327.63102725366883,6.440259397504078,0.43,USD,0.194253,USD,172573107
CRDO,Credo Technology Group Holding Ltd,188.505,USD,4791782,0.8761551873809482,188.505,USD,104.54495036326327,Technology services,Information technology services,6730711.566666666,34769733929.8076,USD,89.81,184449940,33.849568754224606,1.8031,USD,13061.313868613139,6.830701724471157,1.07,USD,1.024714,USD,G25457105
CRGY,Crescent Energy Company,12.4,USD,5193020,0.7174501623775641,12.4,USD,,Energy minerals,Integrated oil,7518257.566666666,4095119917.7491965,USD,84.4134,330251620,1.0711544452986634,-0.744,USD,-67.37907761529809,3.106566820276525,0.53,USD,0.596766,USD,44952J104
CRK,"Comstock Resources, Inc.",14.1,USD,3900436,1.5864027133401961,14.1,USD,6.664145949522639,Energy minerals,Oil & gas production,2296252.033333333,4141111274.452702,USD,20.116300000000003,293696000,2.1526771587102576,2.1158,USD,,5.2224924012159235,0.15,USD,0.072662,USD,205768302
CRM,"Salesforce, Inc.",181.82,USD,15101570,1.391915119037939,181.82,USD,23.2851800624968,Technology services,Packaged software,13044393.533333333,148738533897.34186,USD,97.18549999999999,818054000,4.218172185430466,7.8084,USD,22.754283917623017,3.2555195876612446,3.81,USD,3.123717,USD,79466L302
CRMD,CorMedix Inc.,7.92,USD,858557,0.8626087596047394,7.92,USD,3.9929417695991933,Health technology,Biotechnology,1013250.7666666667,621150502,USD,89.81429999999999,78428100,2.3863254188679535,1.9835,USD,,3.535804473304592,0.16,USD,0.342857,USD,21900C308
CRML,Critical Metals Corp.,12.53,USD,10508544,0.4734675799450165,12.53,USD,,Non-energy minerals,Precious metals,16670430.366666667,1529597366.8622568,USD,49.5556,122074810,,-1.4123,USD,26.18126698724649,10.983639265762163,-0.06,USD,-0.04,USD,G2662B103
CRNX,"Crinetics Pharmaceuticals, Inc.",37.48,USD,4707209,3.458763733867626,37.48,USD,,Health technology,Pharmaceuticals: major,1261476.9333333333,3924355916.027592,USD,93.1052,104705000,250.55429243455708,-5.1333,USD,-34.48872121355027,5.7526680896477425,-1.23,USD,-1.230714,USD,22663K107
CRSP,CRISPR Therapeutics AG,54.83,USD,1726557,0.8185384954976892,54.83,USD,,Health technology,Biotechnology,1776826.2,5288287053.403662,USD,92.81360000000001,96448800,1227.1521744479644,-6.2118,USD,-37.55397595163755,5.59052656262226,-1.28,USD,-1.167865,USD,
CRSR,"Corsair Gaming, Inc.",7.88,USD,3991114,4.049385466743533,7.88,USD,94.1457586618877,Technology services,Packaged software,1020577.1333333333,840499244.090268,USD,42.8106,106662000,0.5243587955878288,0.0837,USD,,4.576776649746268,0.27,USD,0.066855,USD,22041X102
CRVS,"Corvus Pharmaceuticals, Inc.",15.55,USD,980326,0.8169369717717138,15.55,USD,,Health technology,Pharmaceuticals: major,1207141.6333333333,1307606100.4900618,USD,76.2353,84090400,,-0.5261,USD,46.52368367554381,7.7787322002756065,-0.15,USD,-0.151857,USD,221015100
CRWD,"CrowdStrike Holdings, Inc.",527.77,USD,4032643,1.677250054620472,527.77,USD,,Technology services,Packaged software,3330576.2666666666,133849908584.24026,USD,96.44510000000001,253614000,27.128612867193635,-0.7398,USD,-781.7640047675804,3.3246625288612432,1.12,USD,1.06904,USD,22788C105
CRWV,"CoreWeave, Inc.",114.15,USD,48178210,1.6428950841535392,114.15,USD,,Technology services,Packaged software,32381525.233333334,62740192153.31768,USD,76.62599999999999,442969360,10.903102771850584,-3.1605,USD,-22.239412105975624,7.5705275014078115,-1.113471,USD,-1.033396,USD,21873S108
CSCO,"Cisco Systems, Inc.",96.57,USD,24615822,1.4219765758281482,96.57,USD,33.970029548332626,Electronic technology,Telecommunications equipment,18253467.666666668,381441188580.02435,USD,99.76429999999999,3949890000,6.217452501100702,2.8428,USD,24.569475483107674,2.209352209352151,1.04,USD,1.035948,USD,17275R102
CSGP,"CoStar Group, Inc.",32.77,USD,7104467,0.9797982845996178,32.77,USD,543.4494195688226,Technology services,Internet software/Services,6370982.766666667,13381816536.320755,USD,98.7313,408356000,4.24447375362701,0.0603,USD,-79.0187891440501,5.233205457953726,0.23,USD,0.285741,USD,22160N109
CSIQ,Canadian Solar Inc.,20.06,USD,5697686,2.0053058714002283,20.06,USD,,Electronic technology,Semiconductors,2596364.8,1360403560.2307692,USD,69.7176,67816700,0.21396559748353297,-1.5423,USD,-411.5757575757576,6.35069790628117,-1.66,USD,-0.819393,USD,136635109
CSTM,Constellium SE,33.88,USD,1896641,0.7290178301852597,33.88,USD,10.93467596178673,Non-energy minerals,Aluminum,2363930.966666667,4612777152.719197,USD,88.0455,136150000,0.5155730164398294,3.0984,USD,585.3351028533509,3.946302074548785,1.962528,USD,0.882117,USD,
CTMX,"CytomX Therapeutics, Inc.",3.98,USD,5021438,1.7539129349873048,3.98,USD,437.3626373626373,Health technology,Pharmaceuticals: major,4151645.2666666666,860385682.855,USD,78.374,216177000,8.933550215876432,0.0091,USD,-97.6838890302876,6.21841349605156,-0.1,USD,-0.094649,USD,23284F105
CTRI,"Centuri Holdings, Inc.",34.53,USD,2448153,1.2151927121584942,34.53,USD,102.03900709219859,Utilities,Gas distributors,1391677.9666666666,3485273716.2812505,USD,85.4327,100934660,1.0730816249317923,0.3384,USD,3122.857142857142,4.894067270696233,-0.02,USD,0.215027,USD,155923105
CTSH,Cognizant Technology Solutions Corporation,51.68,USD,5388016,0.7302467749698388,51.68,USD,11.220634851708715,Technology services,Information technology services,6138933.633333373,24489573888.415863,USD,99.56280000000001,473869000,1.1574035317200781,4.6058,USD,-3.03783078250983,3.3878814683761784,1.4,USD,1.376608,USD,192446102
CVLT,"Commvault Systems, Inc.",105.09,USD,1012293,1.1734616163070444,105.09,USD,66.42857142857143,Technology services,Packaged software,1054002.2666666666,4621268324.686303,USD,98.40910000000001,43974400,3.778463060429678,1.582,USD,-6.229624799952579,4.019214822669056,1.28,USD,1.162941,USD,204166102
CVNA,Carvana Co.,77.94,USD,6919243,0.5018944235169936,77.94,USD,7.823651639714519,Retail trade,Specialty stores,13993895.1,17550210998,USD,94.16499999999999,143258000,0.5260364239410342,9.9621,USD,248.77638903476523,5.1578411965248865,0.349,USD,0.403505,USD,146869102
CVS,CVS Health Corporation,90.55,USD,11133250,1.3994568223276544,90.55,USD,39.76374494993852,Retail trade,Drugstore chains,7763591.2,115535212941.49384,USD,99.845,1275930000,0.2738940638911223,2.2772,USD,-45.60221680760594,2.4542241855327496,2.57,USD,1.82562,USD,126650100
CVX,Chevron Corporation,181.62,USD,11910163,1.2006632086493747,181.62,USD,31.5175704989154,Energy minerals,Integrated oil,11288873.666666666,362401914155.7166,USD,99.52839999999999,1995390000,1.9195112069148152,5.7625,USD,-33.93295269542089,2.090825428288205,1.41,USD,4.658197,USD,166764100
CXM,"Sprinklr, Inc.",5.33,USD,3061052,0.7135612423055698,5.33,USD,60.02252252252252,Technology services,Packaged software,4456679.966666667,1326446883.3009174,USD,79.8819,147705000,1.6060587960802595,0.0888,USD,-80.43190832966064,4.279549718573934,0.13,USD,0.095332,USD,85208T107
CYH,"Community Health Systems, Inc.",2.79,USD,2280149,1.0260884388135072,2.79,USD,0.8148840469653601,Health services,Hospital/Nursing management,1853179.2,393157654.5724138,USD,82.7703,140917000,0.03171505639899113,3.4238,USD,,6.49180747567851,-0.48,USD,-0.106469,USD,203668108
CYPH,Cypherpunk Technologies Inc.,1.19,USD,4667163,0.9567668420753117,1.19,USD,17.551622418879056,Health technology,Biotechnology,3213099.8666666667,107075735.2264151,USD,80.74159999999999,89979600,,0.0678,USD,,9.596038415366143,0.92,USD,-0.0406,USD,52187K200
DAL,"Delta Air Lines, Inc.",73.33,USD,5039951,0.6491646399931682,73.33,USD,10.70745418704826,Transportation,Airlines,10274920.066666666,48177380734.14389,USD,99.4486,656994000,0.7313467734511642,6.8485,USD,21.407931358471153,2.823683544057274,0.64,USD,1.428679,USD,247361702
DASH,"DoorDash, Inc.",163.93,USD,6023607,1.1769684601698265,163.93,USD,78.0842145374869,Transportation,Air freight/Couriers,4623721.766666667,71206417273.50581,USD,90.6844,409967000,5.148601324638275,2.0994,USD,174.50313807531379,4.6545433155265155,0.42,USD,0.46475,USD,25809K105
DBX,"Dropbox, Inc.",28.9,USD,10093348,3.0169342124475556,28.9,USD,15.805304894722449,Technology services,Packaged software,3540019.066666667,6899819005.531238,USD,93.2378,163264000,2.3550047509699974,1.8285,USD,20.137976346911955,2.7916460701929378,0.76,USD,0.738534,USD,26210C104
DCH,Dauch Corporation,6.64,USD,10683836,3.101312289756885,6.64,USD,,Producer manufacturing,Auto parts: OEM,3996033.4,1571999287.33564,USD,95.0393,236747000,0.11754690150256131,-0.166,USD,-157.71905424200276,4.475043029260058,0.34,USD,0.184028,USD,024061103
DDD,3D Systems Corporation,2.47,USD,2802402,1.0143155421775838,2.47,USD,,Technology services,Information technology services,2534780.2333333334,360765720.7375,USD,96.0611,146059000,0.781506427984348,-0.0066,USD,99.65877365318995,6.543088490456875,-0.13,USD,-0.0814,USD,88554D205
DDOG,"Datadog, Inc.",200.16,USD,11959470,1.628820693542273,200.16,USD,534.187349879904,Technology services,Packaged software,5895657.2,70613404153.20935,USD,97.69500000000001,328483000,18.745942403536347,0.3747,USD,-18.825823223570197,3.8619461573598226,0.6,USD,0.570522,USD,23804L103
DECK,Deckers Outdoor Corporation,100.42,USD,1778528,1.0367391002750224,100.42,USD,14.185218668776132,Consumer non-durables,Apparel/Footwear,1706604.4666666666,14254615798.330414,USD,98.92589999999998,141950000,2.7623416235704075,7.0792,USD,14.901559786401778,3.148561754915466,3.33,USD,0.828495,USD,243537107
DELL,Dell Technologies Inc.,260.46,USD,12095399,2.448445178276759,260.46,USD,29.876461074341293,Electronic technology,Computer processing hardware,6667843.533333333,170092090460.08865,USD,92.6596,325655000,1.3572746741221398,8.7179,USD,40.20875550837916,4.050517765272418,3.89,USD,2.883956,USD,24703L202
DFTX,"Definium Therapeutics, Inc.",22.05,USD,2199467,1.4002561179759745,22.05,USD,,Health technology,Pharmaceuticals: major,1922952.966666667,2404922579.786638,USD,96.3586,109066780,,-2.5033,USD,-139.66491144088081,5.609977324263047,-0.71,USD,-0.53396,USD,24477V105
DG,Dollar General Corporation,113.29,USD,3249384,1.2033287048858297,113.29,USD,16.54158392711132,Retail trade,Discount stores,2909855.8666666667,24949439868.281277,USD,99.2111,220226000,0.6033112430519444,6.8488,USD,33.925184301609335,3.1482982989295083,1.93,USD,1.900082,USD,256677105
DHI,"D.R. Horton, Inc.",147.63,USD,1514988,0.7559427299239231,147.63,USD,13.830415109187486,Consumer durables,Homebuilding,2559276.1333333333,41864859703.73296,USD,89.1972,283580000,1.2649843321288796,10.6743,USD,-19.23199152542372,2.96833299464907,2.24,USD,2.971447,USD,23331A109
DHT,"DHT Holdings, Inc.",19,USD,2900206,1.0118785404947008,19,USD,9.229573496551053,Transportation,Marine shipping,3418687.6,3059791257.097792,USD,88.6867,161042000,5.424085478377611,2.0586,USD,85.82776674489983,3.4407142857143134,1.02,USD,1.008907,USD,Y2065G121
DIDIY,DiDi Global Inc.,3.75,USD,2838887,0.5949218018662638,3.75,USD,144.23076923076923,Transportation,Other transportation,5449418.733333333,16410890157.000002,USD,99.95899999999999,4253894956,0.5409516088136653,0.026,USD,,3.866666666666608,0.0157256,USD,-0.0006100103700000001,USD,23292E108
DIS,Walt Disney Company (The),108.02,USD,8353835,0.8366747401264372,108.02,USD,17.2832,Consumer services,Movies/Entertainment,8898551.133333333,187577962622.9203,USD,99.81419999999999,1736510000,1.9775233908819199,6.25,USD,27.6526214742346,2.1485703705658974,1.57,USD,1.862047,USD,254687106
DJT,Trump Media & Technology Group Corp.,8.93,USD,4904665,1.2652862435494372,8.93,USD,,Commercial services,Advertising/Marketing services,3513214.4,2473197799.318182,USD,57.3887,276953830,677.7964786509541,-2.6124,USD,34.27593841199557,5.1251271796515026,,,,,25400Q105
DKNG,DraftKings Inc.,25.52,USD,28460106,2.3824750808558885,25.52,USD,429.6296296296296,Consumer services,Movies/Entertainment,12247306.6,12651355856.301348,USD,96.0545,495743000,2.046686517917379,0.0594,USD,,3.9054523063145967,0.03,USD,0.213337,USD,26142V105
DLO,DLocal Limited,13.7,USD,1787460,1.1448710996811455,13.7,USD,20.399047051816556,Technology services,Packaged software,1696950.6666666667,4040567767.3090916,USD,38.9849,165878000,3.7082686562654943,0.6716,USD,63.605359317905,3.6714807090719366,0.205003,USD,0.169543,USD,G29018101
DNA,"Ginkgo Bioworks Holdings, Inc.",8.93,USD,2210945,1.5409577022027618,8.93,USD,,Health services,Medical/Nursing services,1299167.4333333357,547927774.1589147,USD,87.26339999999999,49941900,3.363540397402366,-5.6837,USD,46.48116760828625,9.14421692529194,-1.39,USD,-1.2222,USD,37611X209
DNLI,Denali Therapeutics Inc.,19.62,USD,1924484,1.0068897573425215,19.62,USD,,Health technology,Biotechnology,1648459.3,3112836677.671233,USD,89.27230000000002,158656000,,-2.8808,USD,-7.878969442780106,4.9677442842579245,-0.69,USD,-0.549959,USD,24823R105
DNUT,"Krispy Kreme, Inc.",3.6,USD,2828873,1.1548315274587913,3.6,USD,,Distribution services,Food distributors,2115268.2,619920006.9230769,USD,52.486700000000006,172200000,0.41344550488422976,-2.9565,USD,-2184.7758887171567,7.132936507936474,-0.05,USD,-0.047072,USD,50101L106
DOCN,"DigitalOcean Holdings, Inc.",163.95,USD,3942681,0.8382032638359905,163.95,USD,71.6658652795384,Technology services,Packaged software,5108981.466666667,17110506726.390678,USD,72.96390000000001,104364000,17.74705754304371,2.2877,USD,109.49633699633698,5.783653552912471,0.44,USD,0.248221,USD,25402D102
DOCS,"Doximity, Inc.",25.98,USD,2074984,0.7233157271698969,25.98,USD,21.815433705600807,Technology services,Packaged software,3027605.3,4798749428.507876,USD,96.9399,133812000.00000001,8.131030842972262,1.1909,USD,18.876023158315036,3.6918508742991607,0.46,USD,0.283267,USD,26622P107
DOCU,"DocuSign, Inc.",47.9,USD,2475747,0.9055815384117923,47.9,USD,32.34737979470557,Technology services,Packaged software,3448258.7666666666,9306557655.44926,USD,99.4136,194291000,3.063608712532992,1.4808,USD,-71.04305995541476,3.790635252013271,1.01,USD,0.99387,USD,256163106
DOW,Dow Inc.,36.87,USD,9463201,0.7820343380901713,36.87,USD,,Process industries,Chemicals: specialty,14418607.766666668,26573737231.861736,USD,99.7216,720741000,0.6843249345300144,-3.9914,USD,-1097.6005998500375,4.169068929442997,-0.14,USD,1.175832,USD,260557103
DRI,"Darden Restaurants, Inc.",196.23,USD,877507,0.9791174601304319,196.23,USD,20.76310192680062,Consumer services,Restaurants,1160594.2,22475203557.742737,USD,99.689,114535000,1.770686315987404,9.4509,USD,6.63800690542279,2.611865813440754,2.95,USD,3.632276,USD,237194105
DT,"Dynatrace, Inc.",40.7,USD,5232943,1.0157937361473333,40.7,USD,67.0510708401977,Technology services,Packaged software,5835786.033333333,12138820635.013624,USD,98.84710000000001,298251000,6.337081667387911,0.607,USD,-61.88383045525902,3.059810459810062,0.44,USD,0.388883,USD,268150109
DUOL,"Duolingo, Inc.",107.99,USD,1936270,0.7631935036694004,107.99,USD,12.57276579891026,Technology services,Packaged software,2027235.3,5031591075.1859865,USD,95.51369999999999,40237100,5.064931949294378,8.5892,USD,328.9881130756168,5.706262484621486,0.89,USD,0.580505,USD,26603R106
DVN,Devon Energy Corporation,45.61,USD,15084961,0.9221843941226142,45.61,USD,12.657490148193371,Energy minerals,Integrated oil,14343985.933333334,28342055972.977264,USD,93.19520000000001,621400000,1.6606321907247092,3.6034,USD,-18.007645399108032,2.986124596736338,1.04,USD,1.658261,USD,25179M103
DXC,DXC Technology Company,9.43,USD,16626162,3.9838255288317517,9.43,USD,160.92150170648463,Technology services,Data processing services,3775304.6666666665,1600836490.639467,USD,97.25670000000001,169760000,0.15988953653906987,0.0586,USD,-97.21919043325582,6.838357824572168,0.77,USD,0.51565,USD,23355L106
DXYZ,Destiny Tech100 Inc.,54.6,USD,6757521,2.916143621666075,54.6,USD,15.423728813559322,Miscellaneous,Investment trusts,2245239.3333333335,649259460,USD,95.0695,14427988,,3.54,USD,129.2746113989637,5.4875065410779715,,,,,25063F107
DYN,"Dyne Therapeutics, Inc.",17.61,USD,1741667,1.1756772692935185,17.61,USD,,Health technology,Biotechnology,1710395.4666666666,2909515506.4429874,USD,78.2585,165220000,,-3.5434,USD,-5.7194856341558005,5.51995619372114,-0.76,USD,-0.772292,USD,26818M108
EBAY,eBay Inc.,107.69,USD,4871035,0.5372971555112751,107.69,USD,24.449994323986832,Retail trade,Internet retail,5986440.133333377,47814359177.297775,USD,99.6666,444000000,4.153551968571186,4.4045,USD,5.265044691936331,3.574313837337274,1.66,USD,1.505281,USD,278642103
ECC,Eagle Point Credit Company Inc.,4.26,USD,1099732,1.1133667343758606,4.26,USD,,Miscellaneous,Investment trusts,1110416.3666666667,565854520,USD,95.2205,132209000,4.859808409216123,-1.0717,USD,-228.3473053892216,2.0280013413816653,0.23,USD,0.226667,USD,269808101
ECVT,Ecovyst Inc.,14.14,USD,2450244,1.618960112663117,14.14,USD,,Process industries,Chemicals: specialty,1982611.5,1547672287.5662134,USD,97.6919,109453000,1.8872584849893888,-0.5657,USD,-464.0079760717846,3.1315922408567154,0.11,USD,0.192706,USD,27923Q109
ECX,ECARX Holdings Inc.,1.14,USD,993560,0.9842589497764029,1.14,USD,,Technology services,Packaged software,1087667.5333333334,406690574.2881356,USD,44.623400000000004,310785000,0.48342764637204977,-0.1956,USD,49.44430085293357,6.578320802005106,0.00986652736,USD,-0.010002488879999999,USD,G29201103
EDIT,"Editas Medicine, Inc.",3.11,USD,1114731,0.8768182145325019,3.11,USD,,Health technology,Biotechnology,1493837.2666666666,304488529.3630363,USD,99.49180000000001,97906300,7.664807828030913,-1.2225,USD,59.8231891678717,7.81396417087728,-0.26,USD,-0.255248,USD,28106W103
EGHT,8x8 Inc,2.74,USD,2052977,1.1653401809708999,2.74,USD,,Technology services,Packaged software,1405775.5333333334,381732273.35580534,USD,96.1696,139318000,0.5245178262907382,-0.0316,USD,91.26347802045895,8.601929092805046,0.12,USD,0.0775,USD,282914100
EGY,"VAALCO Energy, Inc.",5.6,USD,2731406,2.1409165852478993,5.6,USD,,Energy minerals,Oil & gas production,1638312.9,583846164.8241206,USD,97.1964,104258000,1.9978759136036652,-1.3727,USD,-346.53376436781616,4.004974489795865,-0.45,USD,0.045,USD,91851C201
EL,"Estee Lauder Companies, Inc. (The)",86.2,USD,2307572,0.5730194885359078,86.2,USD,,Consumer non-durables,Household/Personal care,4217407.933333334,31186722990.559265,USD,99.6775,247288000,2.0992163545736235,-0.6967,USD,71.24638877424681,3.5784885647995153,0.91,USD,0.317414,USD,518439104
ELAN,Elanco Animal Health Incorporated,23.65,USD,8284020,1.3154991838096806,23.65,USD,,Health technology,Biotechnology,5137499.033333333,11811982796.703455,USD,99.0895,499450000,2.482947067238913,-0.4891,USD,-165.27425597224078,4.741769858048863,0.4,USD,0.274542,USD,28414H103
ELDN,"Eledon Pharmaceuticals, Inc.",3.88,USD,1110832,0.852087004567064,3.88,USD,,Health technology,Pharmaceuticals: major,1568076.2333333334,294304646.25906736,USD,94.7696,75851700,,-0.5944,USD,79.58721109928226,6.415500736376995,-0.11,USD,-0.184,USD,28617K101
ELF,"e.l.f. Beauty, Inc.",60.86,USD,2255781,0.8715801694561164,60.86,USD,34.39778443452212,Consumer non-durables,Household/Personal care,2500895.6333333333,3593919286.4110694,USD,96.6801,59052200,2.447116918204394,1.7693,USD,5.215271170313994,4.400485892681331,1.24,USD,0.295455,USD,26856L103
EMBC,Embecta Corp.,3.64,USD,6498876,1.7979159767123525,3.64,USD,1.9147816938453446,Health technology,Medical specialties,1882358.1,215952730.93333334,USD,91.8247,59327680,0.20477352517985573,1.901,USD,109.66140950700343,11.09693877550938,0.27,USD,0.405975,USD,29082K105
ENGN,enGene Therapeutics Inc.,1.5,USD,17304510,5.9899575630383435,1.5,USD,,Commercial services,Miscellaneous commercial services,1708081.6666666667,100484209.01162791,USD,45.53840000000001,66989459.99999999,,-2.254,USD,-48.07515438181579,38.209523809523446,-0.44,USD,-0.466164,USD,29286X101
ENPH,"Enphase Energy, Inc.",36.45,USD,3690879,0.4855127250861323,36.45,USD,35.87245349867139,Electronic technology,Semiconductors,6732768.733333333,4804045202.854526,USD,96.9986,131798000,3.3279897571154837,1.0161,USD,-5.470276304772534,6.168979031942061,0.47,USD,0.466815,USD,29355A107
ENR,"Energizer Holdings, Inc.",18.86,USD,1088716,0.8456811820254027,18.86,USD,6.914503592902185,Consumer non-durables,Household/Personal care,1129275.3333333333,1291409943.7650862,USD,88.4418,68473500,0.43032446398013613,2.7276,USD,272.26695782721436,5.701787607938307,0.94,USD,0.828639,USD,29272W109
ENTG,"Entegris, Inc.",149.11,USD,3011910,0.8070216194208643,149.11,USD,85.94236311239193,Producer manufacturing,Industrial machinery,2833210.3333333335,22739275563.47948,USD,99.1892,152500000,6.992090996198194,1.735,USD,-15.096647908000968,5.167038715425811,0.86,USD,0.815329,USD,29362U104
ENVX,Enovix Corporation,6.61,USD,4706067,0.9842085711132539,6.61,USD,,Producer manufacturing,Electrical products,5567050.7,1435853575.3753893,USD,86.62700000000001,217224000,43.64134159517302,-0.7707,USD,46.73439767779391,5.890425761832608,-0.14,USD,-0.155333,USD,293594107
EOG,"EOG Resources, Inc.",130.03,USD,3590833,0.9601205503321487,130.03,USD,12.787027112077018,Energy minerals,Integrated oil,4209240.266666667,69257680802.19087,USD,99.7685,532629000,2.9732570482336924,10.1689,USD,-5.629437149088195,2.3051713340877593,3.41,USD,4.546644,USD,26875P101
EOSE,"Eos Energy Enterprises, Inc.",8.01,USD,53578561,2.763198274909305,8.01,USD,,Producer manufacturing,Electrical products,25117409.066666666,2719417546.386792,USD,98.12690000000002,339503000,17.133923089936317,-6.9942,USD,-57.141252330989246,7.761637239165317,-0.84,USD,-0.218553,USD,29415C101
EPAM,"EPAM Systems, Inc.",99.23,USD,2433950,1.4785525293001187,99.23,USD,14.23734163593842,Technology services,Information technology services,1472032.6,5235061858.051997,USD,96.6895,52756800,1.0166703573534008,6.9697,USD,-2.557112099096833,5.340694778363761,2.86,USD,3.13606,USD,29414B104
EQPT,EquipmentShare.com Inc,21.8,USD,1740686,0.935839908422756,21.8,USD,,Technology services,Internet software/Services,1889626.2,5799828074.242718,USD,49.7744,228478210,,,,,8.767169069462641,0.24,USD,-0.232894,USD,29445S100
EQT,EQT Corporation,55.96,USD,5025563,0.6498515646685558,55.96,USD,10.607123225353982,Energy minerals,Integrated oil,7912269.2,35001751170.3586,USD,96.03940000000001,625478000,3.703533900025462,5.2757,USD,809.7603035006035,2.685298172163671,2.33,USD,0.554528,USD,26884L109
EQX,Equinox Gold Corp.,14.29,USD,7417898,0.8886632551415921,14.29,USD,21.934493245299663,Non-energy minerals,Precious metals,8854094.166666666,11264548438.267176,USD,95.9097,788282000,4.134781643857792,0.651485304,USD,39.37933374140131,3.9487653703888244,0.23,USD,0.259958,USD,29446Y502
ERAS,"Erasca, Inc.",10.12,USD,3051941,0.22343110482901934,10.12,USD,,Health technology,Pharmaceuticals: major,8589030.466666667,3145291437.242307,USD,60.10060000000001,310800000,,-0.4393,USD,41.13627227656438,15.389822134387382,-0.1,USD,-0.104291,USD,29479A108
ESI,Element Solutions Inc.,43.9,USD,2973811,0.7286704494107011,43.9,USD,71.65007344540558,Process industries,Chemicals: major diversified,3092416.533333333,10694356557.738348,USD,93.4842,243607000,3.6822873994637995,0.6127,USD,-48.03663811381562,3.8791083631630183,0.41,USD,0.42881,USD,28618M106
ESPR,"Esperion Therapeutics, Inc.",3.14,USD,7422271,0.23376298063915418,3.14,USD,,Health technology,Pharmaceuticals: major,15779419.866666667,808251340,USD,95.76820000000001,257404999.99999997,2.2165295245017234,-0.2095,USD,21.447319085114362,2.866242038216655,-0.01,USD,-0.004286,USD,29664W105
ESTC,Elastic N.V.,52.25,USD,1256840,0.7945938485801924,52.25,USD,,Technology services,Packaged software,1655416.3666666667,5407927508.112166,USD,86.79969999999999,103501000,3.2686656221460932,-0.7962,USD,38.62637786171278,4.24229665071773,0.73,USD,0.557191,USD,
ETN,"Eaton Corporation, PLC",401.51,USD,2379636,0.7400565962439679,401.51,USD,39.25059143253759,Producer manufacturing,Electrical products,2534905.4,155906325715.1812,USD,99.7909,388300000,5.44664399410981,10.2294,USD,3.25426466135056,3.4622478714282416,2.81,USD,3.07777,USD,
EVC,Entravision Communications Corporation,7.16,USD,3804275,0.6934383039914752,7.16,USD,,Consumer services,Broadcasting,2142337.7,659000538.0719426,USD,74.35000000000001,82686500,1.212417738559182,-0.2081,USD,81.65550070521861,5.848463687150841,,,,,29382R107
EVER,"EverQuote, Inc.",20.5,USD,865098,0.46267338659731955,20.5,USD,7.0008879174919745,Technology services,Internet software/Services,1069869.7333333334,725152194.2233009,USD,85.0663,31769000,1.0617575944448527,2.9282,USD,184.51224251846097,7.113240418118269,0.51,USD,0.50625,USD,30041R108
EVGO,EVgo Inc.,1.97,USD,4148823,1.048769455800419,1.97,USD,,Retail trade,Specialty stores,3971366,618302924.6842104,USD,94.3425,141059000,0.6264508880548854,-0.3429,USD,14.892032762472077,6.927846265409696,-0.12,USD,-0.126874,USD,30052F100
EVH,"Evolent Health, Inc",4.18,USD,2959838,1.0843823505501031,4.18,USD,,Commercial services,Miscellaneous commercial services,2814695.933333333,476596376.529274,USD,91.3683,114018000,0.25297954920146104,-4.7598,USD,-290.0835928536306,8.259911141489997,-0.02,USD,-0.023838,USD,30050B101
EVLV,"Evolv Technologies Holdings, Inc.",7.05,USD,2974631,1.2549285258025695,7.05,USD,,Electronic technology,Electronic equipment/Instruments,2401546.2333333334,1264422726.6900423,USD,92.4157,179351000,9.242055778623074,-0.2086,USD,40.02300172512938,3.8273556231003183,-0.03,USD,-0.03,USD,30049H102
EVTL,Vertical Aerospace Ltd.,2.81,USD,3229506,1.0210356668483946,2.81,USD,,Electronic technology,Aerospace & defense,4571268.966666667,357791718.79477614,USD,95.05890000000001,127328000,,-3.6194,USD,6.09205542006123,7.268174885612624,-0.3966,USD,-0.4795992,USD,G9471C206
EWTX,"Edgewise Therapeutics, Inc.",35.32,USD,997034,0.5443383400015691,35.32,USD,,Health technology,Biotechnology,1151164.1666666667,3788795069.568297,USD,71.9714,107271000,,-1.6609,USD,-7.279421263402662,4.811114706358196,-0.46,USD,-0.4925,USD,28036F105
EXE,Expand Energy Corporation,95.94,USD,2170783,0.7064730760800461,95.94,USD,7.149404216315307,Energy minerals,Integrated oil,3258666.8333333335,22951615563.709503,USD,98.8856,239229000,1.8194664323946952,13.4193,USD,,2.545482295482367,3.83,USD,1.168074,USD,165167735
EXEL,"Exelixis, Inc.",48.16,USD,2178890,0.7036441110701627,48.16,USD,15.962347950018227,Health technology,Pharmaceuticals: major,2566000,12105260028.731441,USD,96.5314,251355000,5.200166879184137,3.0171,USD,36.87959350331185,3.3808436165164037,0.87,USD,0.838593,USD,30161Q104
EXPD,"Expeditors International of Washington, Inc.",156.69,USD,1026237,0.8037202872299701,156.69,USD,25.314226630908916,Transportation,Air freight/Couriers,1076419.0333333334,20493663447.59976,USD,99.408,130791000,1.8202750619728025,6.1898,USD,2.7676777739037974,2.4843549137057748,1.71,USD,1.619045,USD,302130109
EXPE,"Expedia Group, Inc.",229.98,USD,4187684,2.820610329682024,229.98,USD,20.25559499379068,Consumer services,Other consumer services,1669287.3,28180465439.61288,USD,98.75890000000001,117011000,2.0299681846944804,11.3539,USD,33.764137606032044,4.332249388145598,1.96,USD,5.138043,USD,30212P303
EXTR,"Extreme Networks, Inc.",24.04,USD,2397404,0.6895353251803362,24.04,USD,199.833748960931,Electronic technology,Computer peripherals,2757421.5,3143905378.860544,USD,96.7321,130777999.99999999,2.5095386355304545,0.1203,USD,,4.983034228666558,0.26,USD,0.289966,USD,30226D106
F,Ford Motor Company,12.32,USD,38375306,0.7979830858129798,12.32,USD,,Consumer durables,Motor vehicles,40055635.93333333,49093237128.64368,USD,99.60570000000001,3913840000,0.26116358809866147,-1.4073,USD,-212.7644230769231,2.409844619666255,0.66,USD,0.347396,USD,345370860
FA,First Advantage Corporation,15.96,USD,1987759,1.584129591773386,15.96,USD,327.7207392197125,Technology services,Packaged software,1115438.6333333333,2782132988.9162436,USD,46.1458,174319000,1.7176196744926178,0.0487,USD,,4.339464733261657,0.26,USD,0.287365,USD,31846B108
FATE,"Fate Therapeutics, Inc.",2.39,USD,2845003,0.7208368164241368,2.39,USD,,Health technology,Biotechnology,2199641.533333333,277869672.5473251,USD,94.7375,116263000,43.60023989918751,-1.1477,USD,30.42133979993938,7.118649133293475,-0.27,USD,-0.28,USD,31189P102
FATN,"FatPipe, Inc.",3.15,USD,227110,0.04107906905941196,3.15,USD,66.87898089171973,Technology services,Packaged software,1924140.7,43862073.217270195,USD,63.3961,13924468,3.1684129546285247,0.0471,USD,,11.074829931972772,0.02,USD,0.09,USD,311921100
FBIN,"Fortune Brands Innovations, Inc.",37.98,USD,8664647,4.087686692587068,37.98,USD,16.84705464868701,Producer manufacturing,Building products,2614006.6666666665,4551692496.724667,USD,99.6802,119844000,1.0576668993312777,2.2544,USD,-33.97182438567203,4.238433762130497,0.53,USD,0.892373,USD,34964C106
FBP,First BanCorp. New,24.05,USD,1058299,0.9169517179366166,24.05,USD,10.711740602173526,Finance,Regional banks,1385965.4,3744978287.173823,USD,97.5343,155716000,3.6980420792348077,2.2452,USD,21.988590057049716,2.322512622512847,0.57,USD,0.539523,USD,318672706
FCEL,"FuelCell Energy, Inc.",13.7,USD,9534749,1.0532367707217614,13.7,USD,,Electronic technology,Electronic equipment/Instruments,5841084.266666667,725796763.664495,USD,99.6865,52977900,3.4884128356590574,-6.9087,USD,11.561847949922555,11.518091762252233,-0.49,USD,-0.519572,USD,35952H700
FCX,"Freeport-McMoRan, Inc.",61.65,USD,12178838,0.7865888758952274,61.65,USD,32.71424781109047,Non-energy minerals,Other metals/Minerals,16077901.166666666,88603483240.60963,USD,99.46549999999999,1437200000,3.3912290762554282,1.8845,USD,55.55096987205943,3.311586142973181,0.57,USD,0.580999,USD,35671D857
FE,FirstEnergy Corp.,44.33,USD,6387720,0.8099338762959938,44.33,USD,24.091082006412694,Utilities,Electric utilities,5392969.7,25641854649.46137,USD,99.8541,578431000,1.687293102337864,1.8401,USD,-2.111926800723473,2.2491379588152687,0.72,USD,0.578285,USD,337932107
FIG,FIGMA INC,20.66,USD,10459471,0.6709422431853598,20.66,USD,,Technology services,Packaged software,15602585.366666667,10843806597.20039,USD,41.4613,444278900,9.990797470704345,-2.5614,USD,-70.54397762833743,5.4937076476282405,0.08,USD,0.063333,USD,316841105
FIGR,"Figure Technology Solutions, Inc.",37.63,USD,2554049,0.8505830645033986,37.63,USD,,Technology services,Internet software/Services,3688076.533333333,8261894041.617703,USD,61.10690000000001,181663010,,,,,5.483523784214635,0.06,USD,0.186086,USD,349381103
FIGS,"FIGS, Inc.",11.63,USD,11536109,2.841048507415729,11.63,USD,53.12928277752398,Consumer non-durables,Apparel/Footwear,3379773.3666666667,1934966026.3643458,USD,95.44930000000001,158093000,4.524714545660628,0.2189,USD,3548.3333333333335,8.391659501289823,0.03,USD,0.065,USD,30260D103
FIS,"Fidelity National Information Services, Inc.",43.49,USD,11318482,2.1062950361198958,43.49,USD,58.841834663780276,Technology services,Packaged software,6175633.833333333,22371416326.690372,USD,99.86719999999998,514404000,2.296782804158473,0.7391,USD,-50.16183412002698,3.151791873336925,1.36,USD,1.49035,USD,31620M106
FISV,"Fiserv, Inc.",55.48,USD,5566462,0.8436241839189356,55.48,USD,9.411525216712752,Commercial services,Miscellaneous commercial services,6207099.8,29584934206.193977,USD,99.6355,533254000,1.4422036036036054,5.8949,USD,4.271765663140754,3.2753115665876726,1.79,USD,1.934021,USD,337738108
FITB,Fifth Third Bancorp,49.33,USD,4215816,0.8793497066940373,49.33,USD,16.543143633253965,Finance,Regional banks,6689513.733333333,44708348813.640625,USD,99.5411,906312000,4.0726541252617,2.9819,USD,-5.285392116380265,2.1338797022961553,0.15,USD,0.860475,USD,316773100
FIVN,"Five9, Inc.",22.1,USD,2941198,0.56508918451381,22.1,USD,33.5458409228901,Technology services,Packaged software,3111504.3333333335,1692064186.9639642,USD,95.96440000000001,76564000,1.630894984430098,0.6588,USD,,6.1997737556560875,0.76,USD,0.683332,USD,338307101
FJET,"Starfighters Space, Inc.",5.68,USD,1348591,1.449040517317149,5.68,USD,,Commercial services,Miscellaneous commercial services,1077937.9333333333,250908174.79699242,USD,66.299,44173973,,,,,10.249874245472807,,,,,85529M104
FLEX,Flex Ltd.,142.17,USD,10238807,1.5344680098153245,142.17,USD,60.97268087661362,Electronic technology,Electronic production equipment,4701183.666666658,52272203340.71364,USD,99.4235,367674000,1.7821071863581006,2.3317,USD,10.433835369896748,3.445131080497238,0.93,USD,0.895375,USD,
FLG,"Flagstar Bank, N.A.",14.28,USD,3975473,0.7175027608387059,14.28,USD,,Finance,Major banks,4937793.766666667,5940381494.981106,USD,72.3117,415993000,3.2207788562270516,-0.2226,USD,91.62149954832883,2.738645458183628,0.03,USD,0.073054,USD,649445400
FLNC,"Fluence Energy, Inc.",24.16,USD,41321032,4.353709357289066,24.16,USD,,Producer manufacturing,Electrical products,7346152.533333333,4443876105.497102,USD,73.3137,132436080,0.9728329951376429,-0.3694,USD,-25.00846023688664,5.332781456953603,-0.16,USD,0.036173,USD,34379V103
FLO,"Flowers Foods, Inc.",8.44,USD,4701357,0.9156065169640673,8.44,USD,21.426758060421427,Consumer non-durables,Food: specialty/candy,4695751.966666659,1788068592.126021,USD,92.50160000000001,211856000,0.34429841501316794,0.3939,USD,-66.3218194254446,3.6233920108338644,0.22,USD,0.266896,USD,343498101
FLR,Fluor Corporation,43.31,USD,11030841,4.0745167494749985,43.31,USD,,Industrial services,Engineering & construction,2518838.6,6220506692.6288185,USD,98.4108,143627000,0.500941596240971,-1.2547,USD,-110.27777095159692,4.767935481742763,0.14,USD,0.673307,USD,343412102
FLUT,Flutter Entertainment plc,101.19,USD,2884703,0.7981966590494909,101.19,USD,,Consumer services,Casinos/Gaming,3078366.933333333,17604246234.06759,USD,81.1398,173972200,1.0523087768705348,-2.1477,USD,-174.22242189659937,4.384594751033944,1.22,USD,0.547326,USD,
FLWS,"1-800-FLOWERS.COM, Inc.",4.82,USD,1657405,1.6761273424147731,4.82,USD,,Retail trade,Internet retail,1136279.9,308797181.2576419,USD,82.5928,36997600,0.18967588549561606,-2.1073,USD,20.760321877115146,9.659454653230618,-0.77,USD,-0.676667,USD,68243Q106
FLY,Firefly Aerospace Inc.,39.68,USD,11870749,2.4185453438961613,39.68,USD,,Electronic technology,Aerospace & defense,6902998.966666667,6358133420.222497,USD,54.1393,160235210,27.942156978347995,-2.3696,USD,-21.52418072721679,9.925421226958528,-0.46,USD,-0.499304,USD,31816X106
FMC,FMC Corporation,13.4,USD,3784064,1.1992089791345286,13.4,USD,,Process industries,Chemicals: agricultural,2884764.1333333333,1675607102.2807019,USD,98.85300000000001,125045000,0.49899379258137727,-20.0186,USD,-868.4093351758022,6.611087420042663,-0.23,USD,0.214604,USD,302491303
FND,"Floor & Decor Holdings, Inc.",51.73,USD,3044140,0.8640062250999408,51.73,USD,28.1171866507229,Retail trade,Home improvement chains,3181267.6,5591710260.014945,USD,98.3647,108094000,1.1956769510649474,1.8398,USD,-2.6200179960831993,4.956021650879565,0.37,USD,0.566497,USD,339750101
FNF,"Fidelity National Financial, Inc.",50.58,USD,2025836,1.1811432071333825,50.58,USD,17.982721228712624,Finance,Specialty insurance,1767029.3333333188,13613988079.600557,USD,94.3921,269158000,0.9028328214714918,2.8127,USD,-30.50943769147149,2.5199683669435533,0.93,USD,1.497,USD,31620R303
FORM,"FormFactor, Inc.",147.87,USD,1863109,0.7792151031910275,147.87,USD,170.0241462573301,Electronic technology,Semiconductors,1857256.9,11527171692.111763,USD,99.2145,77954800,13.681855388488241,0.8697,USD,25.697355109119822,6.729405172497087,0.56,USD,0.609461,USD,346375108
FOUR,"Shift4 Payments, Inc.",42.58,USD,1756018,0.9004322389382188,42.58,USD,49.592359655252736,Commercial services,Miscellaneous commercial services,1790672.2,3377824262.985699,USD,70.8946,79328900,0.7747639660348967,0.8586,USD,-70.96086853586769,6.589596054485574,0.97,USD,1.283944,USD,82452J109
FOX,Fox Corporation,56.6,USD,929583,1.0784667347372299,56.6,USD,13.62148633038121,Consumer services,Broadcasting,1328168,25321912048.509735,USD,61.180499999999995,224702000,1.5029858849077082,4.1552,USD,-11.088286900329528,2.171567390206946,0.82,USD,0.987618,USD,35137L204
FPS,"Forgent Power Solutions, Inc.",40.38,USD,2807650,0.5774338683818097,40.38,USD,,Producer manufacturing,Electrical products,5097778.633333334,12292838140.62283,USD,37.743900000000004,244118850,,,,,6.2366977994764,0.12,USD,0.160433,USD,34631F102
FRMM,"Forum Markets, Incorporated",4.61,USD,369684,0.5477596077296567,4.61,USD,,Health technology,Pharmaceuticals: major,2205456.3,93643451.75941424,USD,44.89769999999999,20313100,13.918729188941512,-38.571,USD,39.573248108285945,12.015029439107517,,,-0.22,USD,68236V401
FRO,Frontline Plc,39.51,USD,2561772,1.3158257798451174,39.51,USD,23.202959830866806,Transportation,Marine shipping,3012470.066666667,8795830306.372507,USD,64.3042,222623000,4.3185421884439705,1.7028,USD,-23.50747944836261,3.1971110387966446,1.02,USD,2.321031,USD,
FROG,JFrog Ltd.,70.55,USD,9192379,3.802346131183392,70.55,USD,,Technology services,Packaged software,2794393.6666666665,8547647784.728166,USD,87.14219999999999,121157000,12.160710991995169,-0.525,USD,25.920699873006907,4.076632580743141,0.27,USD,0.236598,USD,
FRSH,Freshworks Inc.,8.83,USD,9171874,1.0541824100835104,8.83,USD,13.903322311447017,Technology services,Packaged software,9496846.6,2537806257.5625696,USD,79.6574,252359300,2.936886046220658,0.6351,USD,,4.962384727390424,0.11,USD,0.129737,USD,358054104
FSK,FS KKR Capital Corp.,10.84,USD,5875291,1.7094878217900515,10.84,USD,275.8269720101781,Miscellaneous,Investment trusts,3447157.7,3035920121.494064,USD,99.7324,280066000,2.6188961924423584,0.0393,USD,-98.11853695901954,3.371441750131063,0.52,USD,0.4417,USD,302635206
FSLR,"First Solar, Inc.",219.95,USD,1937694,0.7225661189014068,219.95,USD,14.209941467574586,Electronic technology,Semiconductors,2236921.6333333333,23634367670.651535,USD,94.54090000000001,107453000,4.26138818294283,15.4786,USD,31.587180141120463,4.26930146461862,3.22,USD,3.258562,USD,336433107
FSLY,"Fastly, Inc.",20.51,USD,19114656,1.5047778402529641,20.51,USD,,Technology services,Information technology services,13777207.166666666,3209815000.0000005,USD,91.4008,156500000,4.58926007370913,-0.6933,USD,36.82915717539863,12.294803928397235,0.13,USD,0.066856,USD,31188V100
FTNT,"Fortinet, Inc.",114.07,USD,9895864,1.550110031755745,114.07,USD,44.07310099683177,Technology services,Information technology services,6242924.70000003,84403084179.33333,USD,82.86,739924000,11.280697095435688,2.5882,USD,6.532208273307267,2.904400806522265,0.82,USD,0.743515,USD,34959E109
FTRE,Fortrea Holdings Inc.,15.43,USD,1391409,0.6487825660373523,15.43,USD,,Commercial services,Miscellaneous commercial services,1390098.6666666667,1459677947.4765575,USD,99.4077,94600000,0.5380462231411058,-4.9147,USD,42.651606203106226,5.763818164984669,0.16,USD,0.175746,USD,34965K107
FTV,Fortive Corporation,60.43,USD,2769232,0.7178326205378209,60.43,USD,36.18562874251497,Electronic technology,Electronic equipment/Instruments,3001753.7000000025,18422752078.622166,USD,99.4256,304861000,4.02075224787875,1.67,USD,-26.680423233964085,2.531973239403059,0.7,USD,0.701475,USD,34959J108
FUBO,FuboTV Inc.,10.28,USD,1774404,0.9983502277171872,10.28,USD,2.382276603633667,Technology services,Internet software/Services,2297383.5666666673,1114202421.712697,USD,97.6425,29392900,0.19048884974179053,4.3152,USD,,8.613604780433432,-0.07,USD,-0.29,USD,35953D401
FUN,Six Flags Entertainment Corporation,22.01,USD,3063846,1.468554646711214,22.01,USD,,Consumer services,Movies/Entertainment,1930404.3666666667,2242158950.4652896,USD,97.1472,101870000,0.7394055237448288,-16.3146,USD,-515.59882273036,5.591614201337084,-2.66,USD,0.414598,USD,83001C108
FUTU,Futu Holdings Limited,144.59,USD,3082892,2.7329166117419534,144.59,USD,14.050413961985463,Finance,Investment banks/Brokers,1279200.5333333334,20312779226,USD,95.65539999999947,95750481.25,7.004258645370005,10.2908,USD,106.39804247979303,4.676518826633006,3.0727632,USD,2.91268508895,USD,36118L106
FWRD,Forward Air Corporation,9.87,USD,9852668,8.920122693165686,9.87,USD,,Transportation,Trucking,1039906.6,311440396.5268321,USD,67.9682,31554200,,-2.9324,USD,90.09732475128493,14.434071500940798,-0.983474,USD,-0.173333,USD,34986A104
GBDC,"Golub Capital BDC, Inc.",13.16,USD,1402358,0.8359794289488603,13.16,USD,17.128725758167384,Finance,Investment managers,2092995.2,3428116445.706464,USD,98.8061,260495000,4.40659603512062,0.7683,USD,-31.633742658836088,2.2302431610944264,0.34,USD,0.335714,USD,38173M102
GCTS,"GCT Semiconductor Holding, Inc.",1.7,USD,12081915,4.703477195138217,1.7,USD,,Electronic technology,Semiconductors,1936178.9,123240000.6,USD,77.1266,72494120,30.427599441730628,-0.813,USD,-219.4499017681729,7.878571428571466,-0.16,USD,-0.123333,USD,36170N107
GDRX,"GoodRx Holdings, Inc.",2.92,USD,2920779,1.5867598476464904,2.92,USD,49.91452991452991,Health services,Medical/Nursing services,1561460.9,1000317511.2112677,USD,82.35650000000001,108610000,1.2306862514897385,0.0585,USD,-21.265141318977122,4.720890410958913,0.07,USD,0.078099,USD,38246G108
GDYN,"Grid Dynamics Holdings, Inc.",6.975,USD,3009650,1.1637250771473187,6.975,USD,114.53201970443348,Technology services,Information technology services,1791394,583291699.248927,USD,76.3424,83626100,1.4245393634840882,0.0609,USD,-53.44036697247706,5.77685611879149,0.09,USD,0.105,USD,39813G109
GE,GE Aerospace,297.15,USD,3945247,0.5503283217812757,297.15,USD,36.62188809465121,Electronic technology,Aerospace & defense,6624604.766666667,310027677835.8444,USD,99.71880000000002,1043339999.9999999,6.6021985800923195,8.114,USD,26.528193612774466,3.328285377755147,1.86,USD,1.854052,USD,369604301
GEHC,GE HealthCare Technologies Inc.,63.47,USD,8191886,0.9771643812328197,63.47,USD,15.194752340140287,Health technology,Medical specialties,5031617.566666666,28871981644.754967,USD,99.7105,454891780,1.3362114495447825,4.1771,USD,-12.171993271656852,3.052211280920242,0.99,USD,1.035954,USD,36266G107
GEMI,"Gemini Space Station, Inc.",5,USD,1973915,1.4579007850624173,5,USD,,Finance,Investment banks/Brokers,1718148.6666666667,599926961.0526316,USD,86.3308,44858610,3.807748797608204,-4.9706,USD,-267.0777638283731,6.25985714285715,-1.22,USD,-1.027799,USD,36866J105
GEN,Gen Digital Inc.,22.68,USD,17201001,2.477941374656229,22.68,USD,14.33809584018207,Technology services,Packaged software,7108565.733333333,13736454379.649332,USD,90.26989999999999,605664000,2.459141999999999,1.5818,USD,53.528098612054755,3.123267825648291,0.67,USD,0.689408,USD,668771108
GENI,Genius Sports Limited,4.4,USD,5782808,1.004032305390966,4.4,USD,,Technology services,Internet software/Services,5115041.466666667,1127747723.6820083,USD,89.7845,246306000,1.80476042363165,-0.6102,USD,-209.27521540800805,6.434902597403151,-0.21,USD,-0.066458,USD,
GEO,Geo Group Inc (The) REIT,21.76,USD,2886691,1.4826504903671074,21.76,USD,11.063094209161624,Commercial services,Miscellaneous commercial services,1798789.8,2887710219.4005656,USD,95.1174,132707000,1.0414543288504357,1.9669,USD,959.1814754981152,4.027770483193269,0.29,USD,0.286,USD,36162J106
GERN,Geron Corporation,1.39,USD,12628100,0.9598217305628138,1.39,USD,,Health technology,Biotechnology,17416262.7,891714208.089041,USD,94.923,641521000,4.983236876322564,-0.1043,USD,50.56872037914692,6.372045220965394,-0.01,USD,-0.008333,USD,374163103
GEV,GE Vernova Inc.,1040.15,USD,1796643,0.6049262090852516,1040.15,USD,30.304663623041048,Producer manufacturing,Electrical products,2497606.6,279509110575.4314,USD,99.87870000000001,268720000,7.228102063637306,34.3231,USD,389.82617878753274,4.30222838738924,17.44,USD,3.098106,USD,36828A101
GEVO,"Gevo, Inc.",1.83,USD,6099875,1.9751687063399843,1.83,USD,,Process industries,Chemicals: specialty,4725818.9,444474758.6453203,USD,95.69390000000001,242882000,2.756462872336156,-0.1427,USD,58.45705967976711,5.325136612021896,-0.09,USD,-0.023987,USD,374396406
GFS,GlobalFoundries Inc.,74.12,USD,6163831,1.1515958512640672,74.12,USD,53.24712643678161,Electronic technology,Semiconductors,4198500.5,41241645734.54336,USD,23.8431,556417240,5.8175043859648925,1.392,USD,,4.962175237067308,0.4,USD,0.432932,USD,G39387108
GH,"Guardant Health, Inc.",95.7,USD,3180326,1.701161945677304,95.7,USD,,Health technology,Medical specialties,2155962.3,12553011463.374159,USD,96.1251,131169999.99999999,11.211885578333948,-3.4003,USD,-0.6303640130216069,5.5395730706075685,-0.85,USD,-0.75944,USD,40131M109
GILD,"Gilead Sciences, Inc.",131.33,USD,10146089,1.5709001672902654,131.33,USD,17.86948594443084,Health technology,Biotechnology,5806286.866666666,163009688319.4032,USD,99.84970000000001,1241220000,5.643968307258453,7.3494,USD,54.53876400950438,2.283712784588421,2.03,USD,-7.033013,USD,375558103
GIS,"General Mills, Inc.",34.68,USD,9907446,1.1474716212477762,34.68,USD,8.525912085750813,Consumer non-durables,Food: major diversified,8494939.233333332,18508064005.317276,USD,99.56249999999997,533681000.00000006,1.0444055369273635,4.0676,USD,-10.661102569734247,2.537567968363826,0.64,USD,0.822196,USD,370334104
GLBE,Global-E Online Ltd.,29.8,USD,2192277,1.4729791525876745,29.8,USD,77.20207253886011,Retail trade,Internet retail,1283578.0666666667,5049172641.391357,USD,63.056400000000004,169435000,5.971036439635173,0.386,USD,,5.184707574304876,0.35,USD,0.174233,USD,
GLND,Greenland Energy Company,3.06,USD,1288264,0.3046996438015317,3.06,USD,29.394812680115276,Finance,Financial conglomerates,2665645.2333333334,129760011.21501707,USD,35.264,42405230,,0.1041,USD,,24.077497665732498,,,,,70580B106
GLOB,Globant S.A.,39.23,USD,1471681,1.075987233042308,39.23,USD,17.22578378853078,Technology services,Information technology services,1302374.1666666667,1693933952.8476932,USD,96.8421,43179600,0.7482281230383435,2.2774,USD,-38.928964093212834,5.917173445978207,1.54,USD,1.494973,USD,
GLW,Corning Incorporated,186.94,USD,20447735,1.3605537435008896,186.94,USD,89.72402207823374,Electronic technology,Electronic components,12063736.466666667,160887628198.17828,USD,91.7412,860638000,9.734109429569264,2.0835,USD,298.67967853042484,5.447068578153417,0.7,USD,0.756983,USD,219350105
GLXY,Galaxy Digital Inc.,30.23,USD,4529125,0.7632042701052476,30.23,USD,,Finance,Investment banks/Brokers,5814002,11797531576.735495,USD,98.1977,190688000,0.09585276139823332,-0.4099,USD,84.3082459229768,5.96746373044749,-0.49,USD,0.046181,USD,36317J209
GM,General Motors Company,78.8,USD,2947538,0.3595817598962212,78.8,USD,31.784446595676023,Consumer durables,Motor vehicles,6473050.833333333,71051218015.26335,USD,,901665000,0.39327526906181803,2.4792,USD,-64.28849228641805,2.4696247280637063,3.7,USD,3.184033,USD,37045V100
GME,GameStop Corporation,24.28,USD,5903598,0.4680131390317628,24.28,USD,32.599355531686356,Retail trade,Electronics/Appliance stores,8935208.933333334,10886548393.324991,USD,91.1164,448375000,3.909264718036308,0.7448,USD,180.42168674698794,4.973935043539838,0.49,USD,0.16,USD,36467W109
GMED,"Globus Medical, Inc.",77.95,USD,6038375,5.243994748341227,77.95,USD,18.154505438200154,Health technology,Medical specialties,1264336.8666666667,10527554288.676973,USD,99.2846,112625000,3.791416409517438,4.2937,USD,221.1683745979505,4.446018510033974,1.12,USD,1.092914,USD,379577208
GOGO,Gogo Inc.,4.4,USD,1877403,1.2357621653330497,4.4,USD,43.69414101290964,Communications,Wireless telecommunications,1503687.5333333334,595049454.646681,USD,57.142900000000004,135239000,0.7050002371751666,0.1007,USD,,6.534090909090941,0.1,USD,0.06,USD,38046C109
GOOG,Alphabet Inc.,397.05,USD,13250389,0.5995237622592391,397.05,USD,30.28812046593588,Technology services,Internet software/Services,18684663.366666667,4828697628637.268,USD,92.8481,5456000000,11.432139709096939,13.1091,USD,46.187815730487436,2.1362009102847193,5.11,USD,2.873671,USD,02079K107
GORO,Gold Resource Corporation,1.31,USD,2706022,1.4404341920951893,1.31,USD,,Non-energy minerals,Precious metals,1851112.0333333334,212070834.0559441,USD,99.00720000000001,161886000,2.4805631719138725,-0.0826,USD,86.50547296193433,6.814612868048006,0.03,USD,,,38068T105
GPGI,"GPGI, Inc.",13.88,USD,8129294,1.8262041312819188,13.88,USD,,Commercial services,Commercial printing/Forms,3872000.933333333,4023270867.7125196,USD,62.6857,289861000,,-2.3689,USD,-89.77008731875351,7.7712021407986525,0.12,USD,0.22,USD,20459V105
GPRO,"GoPro, Inc.",1.37,USD,4530168,0.5205094608220624,1.37,USD,,Consumer durables,Electronics/Appliances,9319922.2,227737203.2949641,USD,88.918,137335000,0.34357560986091473,-0.5929,USD,79.20451755462805,12.737226277372269,-0.02,USD,-0.04,USD,38268T103
GRAB,Grab Holdings Limited,3.72,USD,52239565,0.8721977277894606,3.72,USD,43.05555555555556,Transportation,Air freight/Couriers,57154286.43333333,15247260842.691292,USD,64.93650000000001,3972730000,4.737625871094849,0.0864,USD,1700.0000000000005,3.840053763440792,0.03,USD,0.020393,USD,G4124C109
GRND,Grindr Inc.,15.09,USD,5924557,5.2406241099118445,15.09,USD,29.952362048431915,Technology services,Internet software/Services,1292971.1,2793879185.274439,USD,18.4798,185148000,,0.5038,USD,,3.2043926914702667,0.15,USD,0.13,USD,39854F101
GROY,Gold Royalty Corp.,3.61,USD,1739054,0.8403518331278345,3.61,USD,,Non-energy minerals,Other metals/Minerals,2082853.2666666666,833159840.9972221,USD,75.5677,230792000,44.14355835094275,-0.0082,USD,60.19417475728155,4.251879699248082,0.01,USD,0.01554,USD,38071H106
GRPN,"Groupon, Inc.",17.78,USD,6207877,3.749349905530576,17.78,USD,,Retail trade,Internet retail,2144845.8333333335,724419291.9922382,USD,61.4992,40743500,1.2572053327715722,-2.6134,USD,-168.2060755336617,8.598666238148793,-0.04,USD,0.06,USD,399473206
GS,"Goldman Sachs Group, Inc. (The)",936.48,USD,1654003,1.0238499660161662,936.48,USD,17.1135972398367,Finance,Investment banks/Brokers,1925265,276268543264.82983,USD,99.38180000000001,295007000,4.6295003084515765,54.7214,USD,26.993564617230493,2.126951075150758,17.55,USD,13.687053,USD,38141G104
GSBD,"Goldman Sachs BDC, Inc.",9.28,USD,2836214,2.095490255634216,9.28,USD,9.005337214944202,Miscellaneous,Investment trusts,1412788.6666666667,1044640915.6378269,USD,99.8274,112569000,4.62423934079453,1.0305,USD,87.77332361516036,2.4091748768464507,0.22,USD,0.32652,USD,38147U107
GT,The Goodyear Tire & Rubber Company,6.505,USD,8313991,1.0026265975127717,6.505,USD,,Consumer durables,Automotive aftermarket,7651558.466666667,1863794697.97449,USD,95.9174,286517000,0.1103238775966048,-7.2482,USD,-964.4245676803816,3.9793565389262384,-0.39,USD,-0.32547,USD,382550101
GTLB,GitLab Inc.,25.98,USD,3936898,0.6786945770622493,25.98,USD,,Technology services,Packaged software,5963878.6,4420029214.6643505,USD,94.3938,153400000,4.592082610989673,-0.3384,USD,-1121.6606498194944,4.164357197844663,0.3,USD,0.207014,USD,37637K108
GTM,ZoomInfo Technologies Inc.,6.38,USD,19817497,2.983404665080616,6.38,USD,16.48578811369509,Technology services,Packaged software,9522276.8,1901592833.2458522,USD,78.7645,298055000,1.6305395122448987,0.387,USD,361.8138424821003,4.571428571428836,0.32,USD,0.257693,USD,98980F104
GTN,"Gray Media, Inc.",4.33,USD,2089680,1.8326820761240818,4.33,USD,,Consumer services,Broadcasting,1214775.8666666667,511563788.4208146,USD,92.85239999999999,92912600,0.13915611814345968,-1.5258,USD,-165.99195536525238,5.9703068294291946,-0.34,USD,0.08,USD,389375106
GTX,Garrett Motion Inc.,29,USD,4225821,1.2233701622142907,29,USD,16.84381715746065,Producer manufacturing,Auto parts: OEM,2407296.466666667,5428466843.322234,USD,90.70139999999999,187189000,1.414865028068277,1.7217,USD,33.289463497716184,3.832512315270889,0.557287,USD,0.465812,USD,366505105
HAL,Halliburton Company,39.83,USD,8001668,0.7072192573276307,39.83,USD,21.8533962471195,Industrial services,Oilfield services/Equipment,13696460.6,33273892115.74489,USD,99.5146,835398000,1.4805214488700416,1.8226,USD,-23.638344226579523,2.5299666439510227,0.55,USD,0.534299,USD,406216101
HALO,"Halozyme Therapeutics, Inc.",64.12,USD,1706507,1.38236148009035,64.12,USD,25.732402279476684,Health technology,Biotechnology,1370821.8333333333,7596572180.916706,USD,98.9447,118474000,5.492608664832242,2.4918,USD,-27.41202516895828,3.129099456376501,-0.24,USD,1.545,USD,40637H109
HBAN,Huntington Bancshares Incorporated,16.12,USD,26013736,1.3428837735204306,16.12,USD,12.343032159264931,Finance,Major banks,21919115.7,32677346595.25386,USD,99.081,2027130000,3.5451007983870944,1.306,USD,0.6861460180402538,2.455246366536738,0.25,USD,0.361219,USD,446150104
HCA,"HCA Healthcare, Inc.",435.19,USD,1436776,1.0634866542334553,435.19,USD,14.966709311763168,Health services,Hospital/Nursing management,1047520.1333333333,96542459207.44,USD,67.7963,221840000,1.2729517861444195,29.0772,USD,29.19984359448315,2.6923051672012424,7.15,USD,7.380902,USD,40412C101
HD,"Home Depot, Inc. (The)",317.45,USD,4988665,1.0890833749198714,317.45,USD,22.300354051927613,Retail trade,Home improvement chains,3977453.3666666667,316189010882.6042,USD,99.92790000000001,996028000,1.9493621078071215,14.2352,USD,-4.561666979538194,2.2111221114687925,2.72,USD,3.410659,USD,437076102
HESM,Hess Midstream LP,38.17,USD,2341553,0.6937708902456776,38.17,USD,13.206698498373814,Energy minerals,Integrated oil,2368421.1666666665,7927395357.945869,USD,99.1256,129402999.99999999,3.0615023935190946,2.8902,USD,13.639759367750571,2.5127437404095203,0.68,USD,0.705444,USD,428103105
HIMS,"Hims & Hers Health, Inc.",28.27,USD,24689699,1.2066266023630945,28.27,USD,54.146715188661176,Health services,Medical/Nursing services,29403242.766666666,6443828789.28577,USD,93.9687,219561000,2.710671796299853,0.5221,USD,-2.374719521316388,7.035373187124189,0.08,USD,0.025373,USD,433000106
HIMX,"Himax Technologies, Inc.",17.79,USD,13354841,2.664533830415636,17.79,USD,70.37183544303797,Electronic technology,Semiconductors,3787161.6,2733153813,USD,100,170502414,3.3602952990074364,0.2528,USD,-44.73108876257105,6.198426082068581,0.046,USD,0.085,USD,43289P106
HL,Hecla Mining Company,18.61,USD,12068969,0.9519109805962358,18.61,USD,26.750035935029466,Non-energy minerals,Precious metals,12801353.066666666,12481957597.158827,USD,99.17399999999999,670712000,7.766749095844593,0.6957,USD,526.1926192619262,4.974284179012855,0.25,USD,0.208257,USD,422704106
HLIT,Harmonic Inc.,12.81,USD,2322084,1.6717172731605996,12.81,USD,,Electronic technology,Telecommunications equipment,1171785.1666666667,1412204639.1107492,USD,98.04000000000002,110242000,2.6895455264870205,-0.3892,USD,-218.65853658536585,3.505799040927619,0.14,USD,0.115,USD,413160102
HNGE,"Hinge Health, Inc.",56.02,USD,1861077,0.91895357392725,56.02,USD,,Technology services,Packaged software,1207529.0333333334,4346579127.257455,USD,61.54710000000001,54642750,,-6.5672,USD,-477.165173443602,4.582534298974788,0.45,USD,0.584462,USD,433313103
HNRG,Hallador Energy Company,18.81,USD,1036840,0.7445539003051491,18.81,USD,35.11949215832711,Energy minerals,Coal,1086261.6333333333,886522678.4642287,USD,74.7232,47130400,1.9795542350712612,0.5356,USD,,6.212273107009963,-0.2,USD,-0.06194,USD,40609P105
HNST,"The Honest Company, Inc.",3.64,USD,2591668,1.2499754024259575,3.64,USD,,Retail trade,Specialty stores,1746910.5666666667,400686182.06970507,USD,88.0445,110079000,1.1949415421420593,-0.1694,USD,-796.2962962962963,5.7101648351648615,0.011452,USD,0.008333,USD,438333106
HOLO,MicroCloud Hologram Inc.,1.75,USD,241945,0.341117178674935,1.75,USD,0.4054680259499537,Electronic technology,Semiconductors,1068830.3666666667,40096629.79651163,USD,99.07799999999999,22512400,0.7004714609049515,4.316,USD,,8.231428571428674,,,,,G55032174
HON,Honeywell International Inc.,213.12,USD,3544159,0.9582194766512474,213.12,USD,30.210075695291017,Electronic technology,Aerospace & defense,3668799.9333333303,135044161178.88019,USD,99.92760000000001,633653000,3.4778651606071325,7.0546,USD,-18.970388918242183,2.409266409266746,2.45,USD,2.434795,USD,438516106
HOOD,"Robinhood Markets, Inc.",77.03,USD,17910365,0.5792209473383048,77.03,USD,37.25395366832713,Finance,Investment banks/Brokers,32395170.9,69427547101.46617,USD,96.4688,791185000,15.020262840206582,2.0677,USD,18.0126705096741,4.239962166873768,0.38,USD,0.395333,USD,770700102
HOVR,New Horizon Aircraft Ltd.,2.39,USD,3049255,1.3592626627863982,2.39,USD,,Electronic technology,Aerospace & defense,1295118.9,108179403.2409091,USD,82.47299999999998,45263348,,-0.6199,USD,-315.6924147529576,10.320083682008322,-0.11720000000000001,USD,-0.10974,USD,64550A107
HPE,Hewlett Packard Enterprise Company,31.35,USD,17497264,1.4027229217332389,31.35,USD,,Electronic technology,Computer processing hardware,14821095.633333346,41596877918.11111,USD,99.4772,1326850000,1.1240078146804335,-0.1887,USD,-109.33696190004947,3.031032125768956,0.65,USD,0.533891,USD,42824C109
HPQ,HP Inc.,22.68,USD,21504806,1.4166674747552246,22.68,USD,8.565601631543167,Technology services,Information technology services,17245024.93333336,20741997649.978085,USD,99.7399,914550000,0.34728705840582297,2.6478,USD,-4.858066834351411,4.079994960947269,0.81,USD,0.710049,USD,40434L105
HRB,"H&R Block, Inc.",36.96,USD,4134259,1.3597085577898642,36.96,USD,6.572068707991038,Consumer services,Other consumer services,2390160.7,4685057128.47396,USD,98.6053,126760000,1.1858093960067841,5.6238,USD,37.6931175476826,4.519345238095351,6.02,USD,2.215,USD,093671105
HRL,Hormel Foods Corporation,20.44,USD,4070552,0.8657732545310012,20.44,USD,22.99988747608867,Consumer non-durables,Food: meat/fish/dairy,4817806.8,11247808633.28964,USD,52.871500000000005,550284000,0.9409193617872009,0.8887,USD,-35.48925667828106,2.596379647749595,0.34,USD,0.356667,USD,440452100
HRTX,"Heron Therapeutics, Inc.",1.21,USD,1786519,0.6622660884556405,1.21,USD,,Health technology,Biotechnology,2002999.7333333334,228253016.3064516,USD,98.38329999999999,188639000,1.505180240665186,-0.1205,USD,-34.93840985442328,7.096770956316499,-0.02,USD,-0.023333,USD,427746102
HTCO,High-Trend International Group,5.84,USD,275659,0.1047864061667514,5.84,USD,,Transportation,Marine shipping,1129304.4,43130294.487972505,USD,44.2527,7285324,0.18003396177649472,-3.9232,USD,60.86115046190068,115.93065068493141,,,,,G1901X116
HTGC,"Hercules Capital, Inc.",16.15,USD,1628836,0.8567136081488662,16.15,USD,9.095517008335209,Finance,Finance/Rental/Leasing,1977752.7333333334,3021965179.262195,USD,97.98850000000002,187119000,5.821682253882241,1.7756,USD,33.383413461538474,2.3196815568332383,0.48,USD,0.48582,USD,427096508
HTZ,"Hertz Global Holdings, Inc",6.05,USD,6845284,0.5219810522410134,6.05,USD,,Finance,Finance/Rental/Leasing,14602759.966666667,1889782181.0696921,USD,94.93800000000002,312360700,0.22281541115583645,-2.1283,USD,79.07029344662104,9.946280991735508,-0.72,USD,-0.112567,USD,42806J700
HUBS,"HubSpot, Inc.",197.34,USD,6505093,5.018868515548704,197.34,USD,103.48190875721028,Technology services,Packaged software,1655478.1666666667,10158723650.830133,USD,96.205,51478300,3.885793713438902,1.907,USD,,6.349878382487057,2.72,USD,2.999932,USD,443573100
HUMA,"Humacyte, Inc.",1.06,USD,5553491,1.1584256616178403,1.06,USD,,Health technology,Biotechnology,5557153.6,235340259.74074072,USD,90.9459,222019000,98.98331528949996,-0.2066,USD,83.64600649093644,7.382749326145642,-0.13,USD,-0.115686,USD,44486Q103
HUN,Huntsman Corporation,14.96,USD,3745277,0.6310646493165198,14.96,USD,,Process industries,Chemicals: major diversified,5334050.033333333,2623222582.686567,USD,93.99640000000001,175349000,0.44792200948533223,-1.8695,USD,-149.1005996002665,4.916587089380974,-0.2,USD,0.052367,USD,447011107
HURA,"TuHURA Biosciences, Inc.",2.38,USD,489070,0.6370238960484121,2.38,USD,,Health technology,Biotechnology,1170870.8333333333,151564417.4333333,USD,75.3218,63682500,,-0.6309,USD,95.14471952655435,9.857442977190846,-0.125,USD,-0.12,USD,898920103
HUT,Hut 8 Corp.,98.46,USD,5282838,0.9265448399103972,98.46,USD,,Technology services,Data processing services,5264700.233333338,11086016372.494526,USD,90.34400000000001,112594000,39.08453335463812,-2.8979665199999998,USD,-416.5588506647401,5.795355619395817,-1.9382564876400001,USD,-0.32558321640000004,USD,44812J104
HWM,Howmet Aerospace Inc.,270.56,USD,3185838,1.1775503142825747,270.56,USD,62.76620424070895,Electronic technology,Aerospace & defense,2318278.433333333,108417064737.3391,USD,98.9656,400714000,12.737286327264297,4.3106,USD,40.55234927777234,3.0040181211455725,1.22,USD,1.205358,USD,443201108
HXL,Hexcel Corporation,95.32,USD,904536,0.8396219707282951,95.32,USD,63.25149303251493,Electronic technology,Aerospace & defense,1184723.2666666666,7189719027.912707,USD,99.06689999999998,75427200,3.8382061866443684,1.507,USD,-0.5543090933087096,3.7230831484924476,0.59,USD,0.576505,USD,428291108
HYMC,Hycroft Mining Holding Corporation,38.44,USD,1593065,0.8651798490510124,38.44,USD,,Non-energy minerals,Precious metals,2158083.7333333306,3511901688.4310694,USD,53.863800000000005,91360600,,-1.2783,USD,40.49436737733917,7.24934963579605,,,-0.18,USD,44862P208
IBKR,"Interactive Brokers Group, Inc.",84.42,USD,3593987,0.8459250461565113,84.42,USD,36.29406706792777,Finance,Investment banks/Brokers,4500571.866666666,143194226748.3,USD,97.33229999999999,445616000,3.4885206199098477,2.326,USD,28.423144876325097,2.8196009747182686,0.6,USD,0.603207,USD,45841N107
IBM,International Business Machines Corporation,229.76,USD,5163517,0.8501970282109874,229.76,USD,20.316023096036005,Technology services,Information technology services,5904678.566666666,215948033657.82437,USD,99.88929999999999,939885000,3.1959692181896924,11.3093,USD,94.53513374043176,2.6306922751691233,1.91,USD,3.026886,USD,459200101
IBRX,"ImmunityBio, Inc.",8.51,USD,16026167,1.3107701052360108,8.51,USD,,Health technology,Pharmaceuticals: major,14641564.133333333,8749228699.405928,USD,35.9103,1028109999.9999999,56.523704150322445,-0.8541,USD,-46.0499316005472,6.297968776229666,-0.62,USD,-0.07868,USD,45256X103
IE,Ivanhoe Electric Inc.,13.9,USD,3052470,1.7107484593865165,13.9,USD,,Non-energy minerals,Other metals/Minerals,1984389.5333333334,2196083177.1865892,USD,77.2741,157991600,645.784304365905,-0.2911,USD,65.69644119726608,5.895683453237459,,,-0.138402,USD,46578C108
IFRX,InflaRx N.V.,2.58,USD,7488171,1.799706040305717,2.58,USD,,Health technology,Biotechnology,2354777.8666666667,186515590.4830189,USD,93.99029999999999,72292900,,,,,11.612126245847188,-0.0924296,USD,-0.11526397594,USD,
IMSR,Terrestrial Energy Inc.,7.38,USD,2574260,0.7772358945027256,7.38,USD,,Industrial services,Engineering & construction,2596539.8,781802238.3734777,USD,61.9554,105935265,,-0.1833,USD,,10.125822686798363,-0.39,USD,-0.225,USD,881454102
IMVT,"Immunovant, Inc.",28.94,USD,2400280,1.7205743352655518,28.94,USD,,Health technology,Biotechnology,1539547.5,5890221163.105805,USD,40.8101,203532000,,-2.6823,USD,-2.5304843087038056,4.941874814887952,-0.61,USD,-0.592021,USD,45258J102
INCY,Incyte Corporation,98.56,USD,877696,0.551658354670359,98.56,USD,13.93724281290213,Health technology,Pharmaceuticals: major,1385435.2333333334,19690528054.29232,USD,98.91069999999999,199782000,3.772000309642574,7.0717,USD,2088.02599009901,3.092373028756968,1.81,USD,1.775089,USD,45337C102
INDI,"indie Semiconductor, Inc.",4.3,USD,5801956,0.8055640601075308,4.3,USD,,Electronic technology,Semiconductors,4616801.066666666,976972644.2984409,USD,98.52109999999999,210688000,4.248901895929139,-0.7586,USD,-1.7845163021602162,7.482724252491704,-0.06,USD,-0.05009,USD,45569U101
INFQ,"Infleqtion, Inc.",12.12,USD,5810148,0.7348643925153502,12.12,USD,,Electronic technology,Computer processing hardware,8709862.866666667,2623639642.176714,USD,87.0042,216471920,,-1.2859,USD,,9.589933993399267,,,,,45676K103
INO,"Inovio Pharmaceuticals, Inc.",1.46,USD,20731367,9.22031150945449,1.46,USD,,Health technology,Pharmaceuticals: major,3463773.933333333,119629229.56204379,USD,99.50430000000001,81937800,1446.6034064857754,-1.9333,USD,51.48435343421416,6.216242661448195,0.06,USD,-0.35,USD,45773H409
INOD,Innodata Inc.,84.89,USD,19122695,15.704416696402578,84.89,USD,76.55334114888629,Technology services,Data processing services,1717125.8,2767617522.1010075,USD,94.8915,32602400.000000004,5.728370340313677,1.1089,USD,6.635253389749009,4.562248792555043,0.42,USD,0.19525,USD,457642205
INSM,Insmed Incorporated,101.35,USD,8586877,3.012630530042868,101.35,USD,,Health technology,Pharmaceuticals: major,2640051.8666666667,21876616171.794758,USD,99.0213,215852000,27.60509246379785,-5.7434,USD,3.4235749117201912,6.5121502572417596,-0.76,USD,-0.802466,USD,457669307
INTC,Intel Corporation,124.92,USD,223329720,1.2689504734810557,124.92,USD,,Electronic technology,Semiconductors,136868318.23333332,627847935730.6666,USD,84.5072,5026000000,10.36397634060601,-0.6263,USD,85.99601994499474,5.10840652303186,0.29,USD,0.209819,USD,458140100
INTR,Inter & Co. Inc.,6.48,USD,7983060,2.2080589368902612,6.48,USD,10.936708860759493,Finance,Major banks,3715673,2859764413.8626866,USD,74.1395,324284550,1.7145896809455015,0.5925,USD,44.23076923076924,5.261243386243394,0.180988,USD,0.176748,USD,G4R20B107
INTU,Intuit Inc.,396.31,USD,2345804,1.052578820443363,396.31,USD,25.712376404640178,Technology services,Packaged software,3029144.6333333333,109599525333.49248,USD,97.84380000000002,276550000,5.660672928780874,15.4132,USD,44.03513690309316,3.6000948031305784,4.15,USD,12.559645,USD,461202103
INV,"Innventure, Inc.",7,USD,3791456,1.7743384949251177,7,USD,,Miscellaneous,Miscellaneous,1977764.9,560485247.6650563,USD,61.810500000000005,80069320,204.61541336089516,-5.7593,USD,-195.39416320459557,10.183163265306165,-0.693991,USD,-0.36,USD,45784M108
IONQ,"IonQ, Inc.",49.24,USD,25691705,0.8718472926255064,49.24,USD,,Electronic technology,Computer processing hardware,32091556.833333332,18053390501.083893,USD,97.5167,366641000,94.59359696277214,-0.1712,USD,88.51160917997584,7.345813508181559,2.07,USD,-0.539483,USD,46222L108
IOT,Samsara Inc.,29.74,USD,4047866,0.8806520539289313,29.74,USD,,Technology services,Packaged software,5614393.433333334,17270503102.760544,USD,97.1873,368421330,10.930944669805108,-0.0176,USD,93.70754379692528,4.78617062157739,0.18,USD,0.130216,USD,79589L106
IOVA,"Iovance Biotherapeutics, Inc.",3.62,USD,20658492,1.2332916998346952,3.62,USD,,Health technology,Biotechnology,15505056.766666668,1616338705.3352113,USD,85.7868,446502000,5.203027336910081,-0.95,USD,23.002107310747288,6.935674822414799,-0.19,USD,-0.130863,USD,462260100
IQ,"iQIYI, Inc.",1.2,USD,4139515,0.4385279016511175,1.2,USD,,Technology services,Internet software/Services,10217903.3,1167543136,USD,99.80849999999995,530469183.714286,0.3075903341496076,-0.0303,USD,-127.6207839562443,5.385119047618922,0.0157256,USD,-0.032045617230000004,USD,46267X108
IRDM,Iridium Communications Inc,41.46,USD,2562520,1.2728198678155218,41.46,USD,41.81964898123866,Communications,Specialty telecommunications,2536687.2333333334,4383472160.645434,USD,86.4567,105728000,4.889632363519281,0.9914,USD,-6.893313298271978,5.9052959823584095,0.2,USD,0.272464,USD,46269C102
IREN,IREN Limited,61.2,USD,109723901,2.547371006114367,61.2,USD,212.35253296322,Technology services,Data processing services,39816924.4,20303661748.17942,USD,90.8344,331759194,,0.2882,USD,,7.15578898225955,-0.735,USD,-0.242954,USD,
IRWD,"Ironwood Pharmaceuticals, Inc.",4.22,USD,2544353,0.9777935238082941,4.22,USD,7.065126402142976,Health technology,Pharmaceuticals: major,2094534.1,688106119.1031175,USD,95.91040000000001,163058000,1.9227396449376744,0.5973,USD,,7.861543669600494,0.24,USD,0.376667,USD,46333X108
IVVD,"Invivyd, Inc.",1.5,USD,1460999,0.8708816612880795,1.5,USD,,Health technology,Biotechnology,3061472.2,424205779.7202797,USD,79.458,282804000,7.547663257402749,-0.3588,USD,74.98256867940314,7.008095238095373,0.02,USD,-0.073333,USD,00534A102
IVZ,Invesco Ltd,27.59,USD,3407400,0.5491261016022528,27.59,USD,,Finance,Investment managers,6001216.033333333,12230554010.491241,USD,99.2224,443297000,1.7960032164303494,-1.4859,USD,-219.0338860850757,2.9731269093356127,0.57,USD,0.6119,USD,G491BT108
JBL,Jabil Inc.,355.15,USD,1233601,0.8785794999137517,355.15,USD,47.59703012758658,Producer manufacturing,Industrial machinery,1131730,37469257749.25901,USD,98.0785,105503000,1.1440364894235784,7.4616,USD,78.81518404907976,3.4486881599324253,2.69,USD,3.077534,USD,466313103
JBLU,JetBlue Airways Corporation,5.11,USD,19930011,0.7299779689254374,5.11,USD,,Transportation,Airlines,27560434.533333335,1901016728.4152048,USD,80.27420000000002,372019000,0.20761886051080525,-1.9386,USD,-137.98183157377855,6.9397539837853355,-0.87,USD,-0.77888,USD,477143101
JBS,JBS N.V.,16.11,USD,4797277,1.067168351425097,16.11,USD,9.375545597392772,Consumer non-durables,Food: meat/fish/dairy,4526887.7,17213677590.28125,USD,44.9442,773667000,0.24845938789361996,1.7183,USD,90.01437576025654,2.9971180278441882,0.39,USD,0.204392,USD,
JHX,James Hardie Industries plc.,20.98,USD,3572541,0.573632317288683,20.98,USD,78.75375375375374,Non-energy minerals,Construction materials,7049382.966666667,12236374585.051296,USD,99.5414,583240000,2.7106456374447645,0.2664,USD,-73.55568790946992,3.9238049843389127,0.24,USD,0.301287,USD,
JMIA,Jumia Technologies AG,7.77,USD,4655308,1.6410913653036732,7.77,USD,,Technology services,Internet software/Services,2531903.566666667,1078756281,USD,99.6471,123852615,5.698197226679625,,,,6.402555616841328,-0.085,USD,-0.075,USD,48138M105
JOBY,"Joby Aviation, Inc.",10.87,USD,35016610,0.933582788480028,10.87,USD,,Electronic technology,Aerospace & defense,27723301.033333335,10692198385.983017,USD,63.89760000000001,983643000,121.59582668460564,-1.1349,USD,-36.83385579937304,6.41963464318573,-0.12,USD,-0.226299,USD,G65163100
KBR,"KBR, Inc.",32.54,USD,2547744,1.3054855733704602,32.54,USD,9.871374833151316,Technology services,Information technology services,1634664.6666666667,4125745234.6921687,USD,98.478,126790000,0.5482251982837086,3.2964,USD,10.133306605191946,4.340350338045602,0.96,USD,0.904104,USD,48242W106
KC,Kingsoft Cloud Holdings Limited,15.88,USD,1146120,1.1583060748915035,15.88,USD,,Technology services,Data processing services,1164295.7,4806435597.8765,USD,99.93849999999999,298656857.73333305,3.6436353478514625,-0.4872,USD,56.64709022957821,3.3140068369916764,-0.085776,USD,-0.11441020581000001,USD,49639K101
KD,"Kyndryl Holdings, Inc.",12.26,USD,5299362,1.0218680639585933,12.26,USD,14.557112324863454,Technology services,Data processing services,4143568.7333333334,2763982616.7136073,USD,97.8058,225447190,0.19095679830373694,0.8422,USD,-18.675164156044815,5.051037054299736,0.18,USD,0.103333,USD,50155Q100
KDP,Keurig Dr Pepper Inc.,28.83,USD,9185984,0.7651699241615844,28.83,USD,21.449296927311952,Consumer non-durables,Beverages: non-alcoholic,11615773.599999987,39224929522.728264,USD,95.29939999999999,1360560000,2.29536850802644,1.3441,USD,21.748188405797098,2.8610574302560505,0.39,USD,0.536325,USD,49271V100
KEEL,Keel Infrastructure Corp.,3.97,USD,30734688,0.9563259713367077,3.97,USD,,Technology services,Data processing services,32473143.666666668,2245533074.61596,USD,,565625000,8.501321516684195,-0.5205,USD,-288.43283582089543,6.908960057574694,-0.18,USD,-0.061111,USD,486917107
KEY,KeyCorp,21.6,USD,6498019,0.6382897758152711,21.6,USD,13.230429988974642,Finance,Major banks,12743387.1,23419275869.875515,USD,99.6672,1084230000,3.1323359619952553,1.6326,USD,,2.024900793650923,0.44,USD,0.425018,USD,493267108
KEYS,Keysight Technologies Inc.,360.3,USD,1090508,0.9326091561620982,360.3,USD,65.06428777809882,Electronic technology,Electronic equipment/Instruments,1077837.4,61792351204.61161,USD,99.207,171503000,10.820042275849922,5.5376,USD,58.57052860660903,2.5643134689346407,2.17,USD,2.321366,USD,49338L103
KHC,The Kraft Heinz Company,23.96,USD,13303196,0.8793673740685052,23.96,USD,,Consumer non-durables,Food: major diversified,14267651.333333334,28411230272.32826,USD,99.6616,1185780000,1.1238223289315745,-4.8629,USD,-320.42971760119667,2.206862628189926,0.58,USD,0.528645,USD,500754106
KKR,KKR & Co. Inc.,102.52,USD,4838996,1.1065049764067745,102.52,USD,34.970664483558465,Finance,Investment managers,5202224.633333334,91401795272.29898,USD,76.86079999999998,891551000,4.524577397819731,2.9316,USD,27.090648979060983,3.5324187614958853,1.39,USD,1.401667,USD,48251W104
KLAR,Klarna Group plc,14.5,USD,4463409,1.3275881566549677,14.5,USD,,Commercial services,Miscellaneous commercial services,4653274.233333333,5473864707.608695,USD,38.12970000000001,377507900,1.5836182488458244,-0.7857,USD,-10045.569620253164,4.115123152709543,-0.07,USD,-0.192017,USD,
KLC,"KinderCare Learning Companies, Inc.",3.92,USD,860116,0.980604547818147,3.92,USD,,Consumer services,Other consumer services,1055425.1666666667,464238941,USD,25.7335,118428300,0.1698193444389847,-0.953,USD,-16.5321594521888,7.561406705539358,0.12,USD,-0.007872,USD,49456W105
KMI,"Kinder Morgan, Inc.",31.41,USD,8881698,0.735552498296006,31.41,USD,21.18861305990286,Industrial services,Oil & gas pipelines,12493536.033333333,69881775736.2516,USD,87.2196,2224830000,4.027796921663221,1.4824,USD,28.168770534324732,2.3192113521627746,0.48,USD,0.311664,USD,49456B101
KMX,CarMax Inc,40.34,USD,2312185,0.9200028059432042,40.34,USD,25.336013063685467,Retail trade,Specialty stores,3388802.033333333,5721048004.300177,USD,95.8562,141821000,0.20414759668574367,1.5922,USD,-50.304316614126535,3.6502231036191572,0.34,USD,0.953636,USD,143130102
KOD,Kodiak Sciences Inc,41.01,USD,721187,1.3448891705192445,41.01,USD,,Health technology,Biotechnology,1093209.7,2549004676.7760987,USD,92.31839999999998,62155700,,-4.1742,USD,-15.283915156871405,7.1902323475111025,-0.94,USD,-0.982472,USD,50015M109
KODK,Eastman Kodak Company,11.41,USD,2947478,2.5265235522183382,11.41,USD,,Producer manufacturing,Industrial machinery,1590059.4,1113713711.5307422,USD,64.8411,97608600,1.2892516370439677,-1.6796,USD,-286.6014887234752,7.242519719544263,-0.21,USD,,,277461406
KOPN,Kopin Corporation,5.41,USD,15223759,1.0501273289196063,5.41,USD,383.68794326241135,Electronic technology,Semiconductors,8171293.133333334,991996129.8112031,USD,92.88459999999999,183363000,20.785355010902954,0.0141,USD,,9.49867969368889,0.035,USD,-0.015,USD,500600101
KOS,Kosmos Energy Ltd.,2.75,USD,7733296,0.4183813758478093,2.75,USD,,Energy minerals,Integrated oil,21032868.5,1631270552.1626296,USD,96.06840000000001,593189000,1.0227001463185132,-1.6775,USD,-5869.750889679715,6.23974025974029,-0.07,USD,0.091306,USD,500688106
KR,Kroger Company (The),65.64,USD,3372259,0.7497027819062236,65.64,USD,42.44697361614072,Retail trade,Food retail,4709679.466666667,40209466081.62446,USD,99.07549999999999,612576000,0.2838264856883547,1.5464,USD,-57.94397606744629,2.050687733960073,1.28,USD,1.577497,USD,501044101
KRMN,Karman Holdings Inc.,60.84,USD,1749790,1.0029295936879614,60.84,USD,463.7195121951219,Electronic technology,Aerospace & defense,1750530.8,8062899640.103226,USD,70.2603,132526299.99999999,16.96477454029695,0.1312,USD,36.66666666666668,7.588252559406232,0.11,USD,0.121437,USD,485924104
KSS,Kohl's Corporation,14.5,USD,3819524,1.0092249636957413,14.5,USD,6.183632564288456,Retail trade,Department stores,4071003.8666666667,1627670732.0905921,USD,95.3603,112253000,0.10813099761705393,2.3449,USD,141.49330587023684,5.233940886699431,1.07,USD,-0.208565,USD,500255104
KTOS,"Kratos Defense & Security Solutions, Inc.",57.89,USD,4306322,1.1073177300634778,57.89,USD,342.3418095801301,Electronic technology,Aerospace & defense,3925550.066666667,10855532164.225615,USD,98.2253,187520000,7.225692481628037,0.1691,USD,33.88756927949327,5.990385953655961,0.16,USD,0.159131,USD,50077B207
KULR,"KULR Technology Group, Inc.",2.89,USD,1193687,1.0225773873869783,2.89,USD,,Producer manufacturing,Industrial machinery,1377767.3,133630816.91941391,USD,92.0612,46239000,7.773003847028184,-1.4528,USD,-86.3997947138825,7.219476025704606,-0.97,USD,-0.08,USD,50125G307
KVYO,"Klaviyo, Inc. Series A",15.21,USD,13298533,1.6011711993138045,15.21,USD,,Technology services,Packaged software,5883645.2,4553173764.199746,USD,78.26010000000001,140897020,3.675125672646715,-0.0342,USD,80.41237113402062,7.514980745749799,0.22,USD,0.190639,USD,49845K101
LAB,Standard BioTools Inc.,1.02,USD,1135677,0.46786917425783336,1.02,USD,,Health technology,Medical specialties,2796979.2333333334,398175496.68,USD,95.409,390368000,4.500631847429142,-0.245,USD,31.005350605463256,5.0683403361343515,-0.04,USD,-0.02185,USD,34385P108
LAC,Lithium Americas Corp.,5.57,USD,10953911,0.7185779493177358,5.57,USD,,Non-energy minerals,Other metals/Minerals,10416328.933333328,1942935269.5214012,USD,,,,-0.6198438399999999,USD,-220.1686949642441,6.875737368556059,0.33631989819999997,USD,-0.06991065648,USD,53681J103
LAES,SEALSQ Corp,2.92,USD,10929435,1.267970583696406,2.92,USD,,Electronic technology,Semiconductors,13469021.533333333,672397155.2131147,USD,96.59039999999999,222774000,27.117294453693507,-0.2883,USD,57.7086695027138,8.121575342465745,-0.08,USD,-0.09,USD,G79483106
LAR,Lithium Argentina AG,11.68,USD,3166444,0.9414103298606724,11.68,USD,,Non-energy minerals,Other metals/Minerals,3808875.1666666665,1913184059.3389068,USD,84.3755,163800000,,-0.46815977999999997,USD,-421.0426377929489,5.252018101761251,-0.0035,USD,0.126973,USD,
LASR,"nLIGHT, Inc.",73.91,USD,3785325,3.4319370673954626,73.91,USD,,Electronic technology,Semiconductors,1377782.8,4123536672.4671397,USD,93.3664,55791300,13.696191558878413,-0.2948,USD,74.13581330057906,7.347633221872199,0.2,USD,0.141111,USD,65487K100
LCID,"Lucid Group, Inc.",6.34,USD,12902869,0.6723771869729074,6.34,USD,,Consumer durables,Motor vehicles,18447273.466666665,2474228224.1289253,USD,33.2905,330145000,1.4174418619447378,-13.1869,USD,-8.475231561456333,6.59891843172592,-2.82,USD,-2.306667,USD,549498202
LCTX,"Lineage Cell Therapeutics, Inc.",1.37,USD,1162470,0.8015373918396492,1.37,USD,,Health technology,Biotechnology,1163751.6666666667,341249910,USD,94.87929999999999,249088000,22.882444859164625,-0.2784,USD,-186.41975308641975,5.780500521376363,0.004,USD,-0.02,USD,53566P109
LEGN,Legend Biotech Corporation,28.12,USD,2600481,1.063407565489598,28.12,USD,,Health technology,Pharmaceuticals: major,2381895.566666667,5283826725,USD,96.35229999999973,184943184.5,5.12145517269788,-1.6159,USD,-66.81119025498089,5.921128835602203,-0.08,USD,0.012289,USD,52490G102
LEN,Lennar Corporation,88.38,USD,1501471,0.6373238486054329,88.38,USD,12.701195677167163,Consumer durables,Homebuilding,2922369.8,21672123699.307045,USD,98.0097,215244000,0.6476538570436697,6.9584,USD,-49.33080900021845,3.061350337826761,0.93,USD,1.256002,USD,526057104
LFST,"LifeStance Health Group, Inc.",7.7,USD,24975415,2.934890658954674,7.7,USD,130.06756756756755,Health services,Medical/Nursing services,4632542.966666667,2986273401.367232,USD,47.3024,387828000,2.3391185791190847,0.0592,USD,,4.191001855287656,0.04,USD,0.019861,USD,53228F101
LIDR,"AEye, Inc.",1.99,USD,1101755,0.09136970961623121,1.99,USD,,Technology services,Packaged software,4590494.266666667,90238373.64021166,USD,95.7043,45345900,360.5943410729611,-1.4077,USD,70.1385206083876,10.208183776023,-0.15,USD,-0.135,USD,008183204
LION,Lionsgate Studios Corp,12.24,USD,3255660,0.9553721260793296,12.24,USD,,Consumer services,Movies/Entertainment,3446832.2333333334,3551892044.8012924,USD,67.93430000000001,290187260,1.2845080500894455,-0.8751,USD,-35.23412146499768,4.294992997199001,0.01,USD,0.240582,USD,53626N102
LITE,Lumentum Holdings Inc.,903.8,USD,6696271,1.0914940811499527,903.8,USD,167.74001967298307,Producer manufacturing,Electrical products,6003097.133333334,70315644104.96,USD,96.3321,77800000,34.50658897283391,5.3881,USD,,7.543793664843726,2.37,USD,2.950563,USD,55024U109
LLY,Eli Lilly and Company,948.45,USD,3228057,0.8012565207986063,948.45,USD,34.14023973219107,Health technology,Pharmaceuticals: major,3269371.8,893194645310.264,USD,90.00429999999999,941741000,12.089587664966535,27.781,USD,130.14091274344932,2.734498392113481,8.55,USD,8.785395,USD,532457108
LMND,"Lemonade, Inc.",55.01,USD,1580243,0.7277760883380625,55.01,USD,,Finance,Property/Casualty insurance,1771416.2,4225911434.848245,USD,86.8605,76820800,5.726496625037914,-1.8583,USD,38.73466965580904,6.7317630560677815,-0.47,USD,-0.5627,USD,52567D107
LMT,Lockheed Martin Corporation,506.51,USD,1291928,0.731954903852762,506.51,USD,24.530111146088096,Electronic technology,Aerospace & defense,1473043.8666666667,116782769951.33784,USD,99.92000000000002,230564000,1.5766776422655973,20.6485,USD,-10.80754195373751,2.7586763200273725,6.44,USD,7.200334,USD,539830109
LNG,"Cheniere Energy, Inc.",240.11,USD,2659343,1.0844433885500322,240.11,USD,39.30301839848098,Industrial services,Oil & gas pipelines,2795148.8333333335,50455971254.56735,USD,99.37750000000001,210137000,2.478987831066572,6.1092,USD,-55.368531790387266,2.8067879602801344,4.765677,USD,2.956304,USD,16411R208
LOCL,Local Bounti Corporation,1.53,USD,48156,0.41320583753209134,1.53,USD,,Finance,Financial conglomerates,2924795.3333333335,34809482.221518986,USD,100,22751300,0.7451015713842652,-7.5057,USD,46.804680468046804,20.267507002801356,-0.38,USD,-0.53,USD,53960E205
LODE,Comstock Inc.,2.94,USD,4042285,5.024672859928658,2.94,USD,,Process industries,Chemicals: specialty,1069890.7666666673,217851480.50909096,USD,98.43990000000001,74099100,110.12804576662577,-1.2069,USD,59.21946274708565,5.480320699708397,-0.14,USD,-0.13,USD,205750409
LPTH,"LightPath Technologies, Inc.",11.51,USD,5670690,1.487425075816661,11.51,USD,,Electronic technology,Electronic components,2869026.466666667,664226005.1354946,USD,94.9854,57708600,10.710815753917394,-0.5181,USD,-119.81332201951633,12.643167432046612,-0.07,USD,-0.0125,USD,532257805
LQDA,Liquidia Corporation,42.3,USD,1504113,1.7865352870036235,42.3,USD,,Health technology,Pharmaceuticals: major,1052097.2333333334,3727240420.614948,USD,78.89769999999999,88114400,26.719234830722552,-0.8317,USD,49.812937484914315,3.8926713947990703,0.15,USD,0.369033,USD,53635D202
LRCX,Lam Research Corporation,294.05,USD,8974525,0.8726475543528501,294.05,USD,55.50102867065552,Producer manufacturing,Industrial machinery,9433675.866666608,367730401659.18823,USD,99.6611,1250570000,16.615226195003242,5.2981,USD,47.59583240472476,3.89085675419628,1.47,USD,1.664497,USD,512807306
LRMR,"Larimar Therapeutics, Inc.",3.97,USD,1491960,0.8660822196448039,3.97,USD,,Health technology,Biotechnology,1456424.3999999985,412415249.96500003,USD,48.35549999999999,103883000,,-2.2074,USD,-68.86474908200734,6.378013673983533,-0.73,USD,-0.531639,USD,517125100
LSCC,Lattice Semiconductor Corporation,127.19,USD,2760983,0.8855026480412551,127.19,USD,895.7042253521128,Electronic technology,Semiconductors,2089305,17426029228.48282,USD,99.09400000000001,137008000,29.120882773615076,0.142,USD,-61.776581426648725,4.935596913503998,0.41,USD,0.443846,USD,518415104
LTH,"Life Time Group Holdings, Inc.",31.93,USD,8677660,2.368492024558933,31.93,USD,18.75146817007282,Consumer services,Other consumer services,2700873.533333333,7107705102.73874,USD,64.0392,222602740,2.3788007917050322,1.7028,USD,77.70820288040076,4.404366695002456,0.39,USD,0.37032,USD,53190C102
LU,Lufax Holding Ltd,1.95,USD,726079,0.6726843438636508,1.95,USD,,Finance,Finance/Rental/Leasing,1296887.7,2331859710.99543,USD,99.96300000000001,838536470.5,0.40622106027498117,-0.3375,USD,55.714473166251146,3.297435897436035,,,,,54975P201
LULU,lululemon athletica inc.,131.18,USD,2076515,0.6107837362040422,131.18,USD,9.86456711861093,Consumer non-durables,Apparel/Footwear,2871923.8666666667,15835350454.4936,USD,90.5856,110483000,1.4101393943760927,13.2981,USD,-8.88716838412629,3.6934364994662197,5.01,USD,1.68709,USD,550021109
LUMN,"Lumen Technologies, Inc.",8.48,USD,12060131,0.9075843463870163,8.48,USD,,Communications,Major telecommunications,14141288.166666666,8737037617.79669,USD,91.59230000000001,1030310000,0.697303231289708,-1.7458,USD,-452.1189120809614,6.933709568733177,-0.47,USD,-0.132081,USD,550241103
LUNR,"Intuitive Machines, Inc.",28.97,USD,16194940,1.6668854880113282,28.97,USD,,Electronic technology,Aerospace & defense,14631832.2,6297789561.654914,USD,73.19290000000001,159961850,13.412722980603279,-0.7255,USD,84.62891162948367,8.656664529809165,-0.28,USD,-0.042732,USD,46125A100
LUV,Southwest Airlines Company,41.31,USD,4935694,0.6879016890747763,41.31,USD,26.318807339449542,Transportation,Airlines,7603117.633333334,20191241751.603767,USD,98.9391,488774000,0.7207855560171722,1.5696,USD,86.39116494478093,3.6804129059031223,0.45,USD,0.472983,USD,844741108
LWLG,"Lightwave Logic, Inc.",16.43,USD,10441866,1.0516405334534702,16.43,USD,,Process industries,Chemicals: specialty,8988284.8,2474533810.4202366,USD,98.82300000000001,150611000,8553.882427533434,-0.1523,USD,18.512573568753353,12.32205895139551,,,,,532275104
LX,LexinFintech Holdings Ltd.,2.09,USD,871890,0.7643713812706086,2.09,USD,1.5977371760568762,Finance,Finance/Rental/Leasing,1484191.1,345051876,USD,100,131829802,0.1949070053436401,1.3081,USD,45.66815144766147,3.7012987012982044,0.0886352,USD,,,528877103
LXRX,"Lexicon Pharmaceuticals, Inc.",2,USD,6978231,3.6867441579349336,2,USD,,Health technology,Pharmaceuticals: major,2168504.566666667,847361240.4761906,USD,51.994600000000005,423681000,9.65500050256309,-0.0715,USD,86.10301263362487,5.857142857142906,0,USD,-0.046838,USD,528872302
LYB,LyondellBasell Industries NV,71.76,USD,3706998,0.5566687769134933,71.76,USD,,Process industries,Chemicals: specialty,7312290.733333333,23163037224.919594,USD,79.6794,322785000,0.7781467506653638,-2.4919,USD,-177.06509973712693,3.658016802038501,0.49,USD,3.193463,USD,
LYFT,"Lyft, Inc.",14.35,USD,28415776,2.147211586957684,14.35,USD,2.0167807400952875,Transportation,Other transportation,13859680.066666666,5581076580.476695,USD,95.2935,388925000,0.8745718872696661,7.1153,USD,5139.543446244477,3.7598307615729696,0.04,USD,0.147504,USD,55087P104
LZ,"LegalZoom.com, Inc.",6.13,USD,3461613,1.3880663393452575,6.13,USD,98.71175523349436,Technology services,Internet software/Services,2669172.3666666667,1052200836.2602965,USD,65.5188,171648000,1.3780295210808071,0.0621,USD,-63.76896149358227,4.793637846655457,0.12,USD,0.155276,USD,52466B103
MA,Mastercard Incorporated,495.48,USD,4142636,0.9594203193249012,495.48,USD,28.675270559638868,Finance,Finance/Rental/Leasing,3648867.399999955,438022285703.8187,USD,99.7434,877036000,13.15317318435755,17.279,USD,21.205106621773286,2.3096276049775475,4.6,USD,4.773098,USD,57636Q104
MARA,"MARA Holdings, Inc.",12.94,USD,48232453,1.065503576490253,12.94,USD,,Technology services,Data processing services,45213913.666666664,4920235898.231496,USD,97.63470000000001,380235000,5.300800675344197,-3.9593,USD,-388.55768529990524,5.746301611834799,-4.52,USD,-1.510253,USD,565788106
MAT,"Mattel, Inc.",15.39,USD,6535295,1.3138841816028048,15.39,USD,9.711617340821608,Consumer durables,Recreational products,4675003.633333334,4472334094.392,USD,99.0718,290600000,0.8386305184365073,1.5847,USD,2.0938023450586245,3.4205885083077474,-0.2,USD,0.072171,USD,577081102
MBC,"MasterBrand, Inc.",7.61,USD,3893502,1.231153612318575,7.61,USD,,Consumer durables,Home furnishings,2400084.933333333,973962799.1879795,USD,97.45660000000001,127984590,0.37032016045164234,-0.0233,USD,-102.99639917695474,5.373099305425084,0.06,USD,0.1,USD,57638P104
MBLY,Mobileye Global Inc.,9.19,USD,3948953,0.6654843744128072,9.19,USD,,Technology services,Packaged software,6486582.733333333,7739690493.153326,USD,86.5827,244418120,3.598207547163808,-5.0297,USD,-37.13872832369942,4.110679309808949,0.12,USD,0.055565,USD,60741F104
MBOT,Microbot Medical Inc.,2.13,USD,946899,0.9029089164280585,2.13,USD,,Health technology,Biotechnology,1446558.9666666666,143046655,USD,90.8588,67158000,,-0.3055,USD,58.10477235326385,4.090543259557366,-0.05,USD,-0.08,USD,59503A204
MCD,McDonald's Corporation,275.75,USD,6019641,1.3840988369887295,275.75,USD,22.731207082739118,Consumer services,Restaurants,3484862.933333333,196010729258.9373,USD,99.9545,710828000,7.375207680536325,12.1309,USD,7.012173606210305,2.069454733842743,2.83,USD,3.359714,USD,580135101
MCHP,Microchip Technology Incorporated,99.09,USD,18559890,1.62814593256734,99.09,USD,458.9624826308476,Electronic technology,Semiconductors,10101730.033333333,53621111419.564674,USD,98.0584,541135000,11.808720799473807,0.2159,USD,,4.015101711286982,0.57,USD,0.686719,USD,595017104
MDB,"MongoDB, Inc.",299.47,USD,1810906,1.200388757891756,299.47,USD,,Technology services,Packaged software,1572977,24068261882.92018,USD,95.9954,80369500,10.296472970078293,-0.8895,USD,50.323913771920026,4.172635942546103,1.65,USD,1.186156,USD,60937P106
MDT,Medtronic plc.,76.15,USD,9016557,0.9025056256478977,76.15,USD,21.259073143495257,Health technology,Medical specialties,8912467.466666667,97767842345.61186,USD,99.9122,1283890000,2.8331713778429135,3.582,USD,8.87207075772773,2.3309539442833005,1.36,USD,1.540027,USD,
META,"Meta Platforms, Inc.",609.63,USD,13401636,0.6855945139653594,609.63,USD,22.163044505682272,Technology services,Internet software/Services,17516158.866666667,1547268617269.2085,USD,99.82409999999999,2196050000,7.357118188330956,27.5066,USD,7.29342195593833,2.3240818201204454,10.44,USD,7.202836,USD,30303M102
METC,"Ramaco Resources, Inc.",14.81,USD,940734,0.8669199292408057,14.81,USD,,Energy minerals,Coal,1514930,948630234.3263372,USD,84.3166,55963500,1.8212438745811723,-0.8776,USD,-553.5400516795864,5.907687855695847,-0.26,USD,-0.205044,USD,75134P600
MGNI,"Magnite, Inc.",14.13,USD,4259406,1.6136976115876918,14.13,USD,13.645581844519555,Technology services,Packaged software,2292326.5666666655,2023627898.5264287,USD,97.2979,143215000,2.8691016437548527,1.0355,USD,422.1886031265759,4.502375897280244,0.13,USD,0.248571,USD,55955D100
MGY,Magnolia Oil & Gas Corporation,27.8,USD,2916910,1.1799388192756093,27.8,USD,16.125290023201856,Energy minerals,Oil & gas production,2344506.1,5314787910.564832,USD,97.89670000000001,185656000,3.9084036334877212,1.724,USD,-14.471399513816536,2.7183967112027143,0.542368,USD,0.857777,USD,559663109
MIR,"Mirion Technologies, Inc.",18.99,USD,3113742,0.7046363618959195,18.99,USD,201.1652542372881,Electronic technology,Aerospace & defense,3527417.6,4757379945.088101,USD,96.45009999999999,244656000,4.925682212028549,0.0944,USD,,5.128488678251752,0.1,USD,0.107489,USD,60471A101
MIST,Milestone Pharmaceuticals Inc.,1.92,USD,601534,0.6907781902818112,1.92,USD,,Health technology,Pharmaceuticals: major,2241121.7333333334,225921165.2063492,USD,98.97230000000002,117667000,129.87496129295687,-0.796,USD,-10.203516544372143,5.486979166666658,-0.16,USD,0.19,USD,59935V107
MKSI,MKS Inc.,313.21,USD,1729393,1.1886863326981139,313.21,USD,65.4675807867564,Producer manufacturing,Industrial machinery,1187417.2333333334,21085828195.027058,USD,99.4249,67321700,5.252006139489198,4.7842,USD,42.58210645526615,5.317630343858735,2.3,USD,2.952097,USD,55306N104
MNDY,monday.com Ltd.,72.07,USD,2577533,1.9375367206428797,72.07,USD,32.16549138623582,Technology services,Packaged software,1524659.0666666667,3687160268.3417983,USD,80.8066,51160800,3.2818170108653915,2.2406,USD,270.4083319556952,4.992923546551764,1.04,USD,0.932202,USD,
MNKD,MannKind Corporation,3.52,USD,9531713,1.1721838833120004,3.52,USD,,Health technology,Pharmaceuticals: major,5440476,1087504565.1830986,USD,95.84620000000001,308950000,3.0332578031670105,-0.078,USD,-178.23470411233703,6.391842532467503,-0.05,USD,-0.01,USD,56400P706
MNR,Mach Natural Resources LP,13.75,USD,1042935,1.941300931379949,13.75,USD,13.076557299096528,Energy minerals,Integrated oil,1076088.1333333333,2313008075.3983307,USD,22.988400000000002,168218770,2.026292143047123,1.0515,USD,-44.423890063424935,2.326909090909145,0.43,USD,0.399087,USD,55445L100
MNST,Monster Beverage Corporation,86.29,USD,15282720,3.4955389491096533,86.29,USD,41.876152576919345,Consumer non-durables,Beverages: non-alcoholic,4967034.299999986,84383510601.64685,USD,71.5364,977906000,8.538304486393612,2.0606,USD,36.0401399617086,2.079366918861686,0.58,USD,0.581376,USD,61174X109
MNTS,Momentus Inc.,5.46,USD,4425741,3.386005659688507,5.46,USD,,Electronic technology,Aerospace & defense,2979289.6333333314,31285829.71428571,USD,99.345,5730010,8.603707378378378,-73.6793,USD,83.93055613715515,15.224228152799558,,,,,60879E408
MO,"Altria Group, Inc.",68.12,USD,7321541,0.6192049446267773,68.12,USD,14.238535178295223,Consumer non-durables,Tobacco,9425652.966666747,113752992461.09734,USD,99.8529,1669890000,5.662789625925363,4.7842,USD,-19.928367001958186,2.2633273215335032,1.32,USD,1.486778,USD,02209S103
MOH,Molina Healthcare Inc,185.94,USD,1534626,1.1825569258664341,185.94,USD,54.8398513537427,Health services,Managed health care,1295096.8,9687474024.229866,USD,98.50750000000001,52100000,0.21702861896838596,3.3906,USD,-83.62203050883481,4.423266337835337,2.35,USD,1.473926,USD,60855R100
MOS,Mosaic Company (The),22.19,USD,9551425,1.2296956680486986,22.19,USD,13.153526970954356,Process industries,Chemicals: agricultural,8366953.1,7053017098.121345,USD,99.5959,317847000,0.6033349374398463,1.687,USD,206.67151427013272,3.432434172407308,0.22,USD,0.244889,USD,61945C103
MP,MP Materials Corp.,67.43,USD,11544611,1.9295686873383002,67.43,USD,,Non-energy minerals,Other metals/Minerals,6081368.7,11980115674.08665,USD,80.8869,177667000,35.407333284527674,-0.4246,USD,33.29143754909662,7.106766805787966,0.03,USD,0.040091,USD,553368101
MQ,"Marqeta, Inc.",4.17,USD,3627613,0.8777739909452358,4.17,USD,772.2222222222222,Commercial services,Miscellaneous commercial services,3298314.3666666667,1768205569.7470164,USD,88.1109,392068000,2.7879640858244783,0.0054,USD,-94.6161515453639,4.123329907502538,0.02,USD,0.001943,USD,57142B104
MRAM,"Everspin Technologies, Inc.",26.99,USD,4976958,1.381231029421274,26.99,USD,2726.262626262626,Electronic technology,Semiconductors,1616288,632850096.6173872,USD,80.1888,23447600,8.741295501088949,0.0099,USD,,8.254882760810894,-0.01,USD,-0.01,USD,30041T104
MRK,"Merck & Company, Inc.",111.38,USD,5703239,0.6174968025335126,111.38,USD,31.346391984689856,Health technology,Pharmaceuticals: major,9131991.800000008,275089056152.39185,USD,99.81519999999999,2469820000,4.237800540400257,3.5532,USD,-48.270440251572325,2.358297206474603,-1.28,USD,2.108441,USD,58933Y105
MRLN,"Merlin, Inc.",8.23,USD,1280212,0.9956512024347107,8.23,USD,45.77308120133482,Technology services,Packaged software,1481972.7,695801728.2057762,USD,10.1618,84544556,,0.1798,USD,,17.48967193195614,-0.14,USD,-0.1,USD,590106100
MRNA,"Moderna, Inc.",54.35,USD,20754966,3.381847402876255,54.35,USD,,Health technology,Biotechnology,6436989.6,21565333359.31706,USD,91.5238,396786000,8.617213483146074,-8.1462,USD,6.610262759664318,6.208660796425341,-3.4,USD,-2.059526,USD,60770K107
MRVI,"Maravai LifeSciences Holdings, Inc.",4.85,USD,11205524,6.450773601847972,4.85,USD,,Health technology,Biotechnology,2252692.3666666667,1246775761.2055838,USD,71.4857,146383000,2.8179477360425835,-0.7226,USD,37.08862963607871,4.668777614138462,0.01,USD,-0.044235,USD,56600D107
MRVL,"Marvell Technology, Inc.",170.13,USD,20526175,0.8817947276359243,170.13,USD,55.0404399870592,Electronic technology,Semiconductors,27665589.933333334,148771577296.9304,USD,99.49910000000001,874458000,16.718395284699675,3.091,USD,,5.262370792083313,0.8,USD,0.794673,USD,573874104
MRX,Marex Group plc,56.51,USD,1261691,1.1980830913632,56.51,USD,13.060460386428767,Technology services,Internet software/Services,1374470.8,4064813550.1860056,USD,83.17569999999999,71930870,0.9650288632419263,4.3268,USD,,4.000771039259697,1.48,USD,1.219378,USD,
MSFT,Microsoft Corporation,415.12,USD,33193712,0.9529427947875121,415.12,USD,24.724093364542203,Technology services,Packaged software,34266849.1,3083691678312.5933,USD,98.4721,7428430000,9.84259629311942,16.7901,USD,29.74746147782946,2.309272017729787,4.27,USD,4.245335,USD,594918104
MSTR,Strategy Inc,187.59,USD,15826054,1.0243614072451128,187.59,USD,,Technology services,Internet software/Services,18410723.8,64947715096.88367,USD,99.8172,326582000,122.43594672843116,-40.1587,USD,-84.12300328277735,4.651237882007145,-38.25,USD,24.075314,USD,594972408
MTSI,"MACOM Technology Solutions Holdings, Inc.",359.88,USD,1754759,1.3337973507982677,359.88,USD,156.0353798126951,Electronic technology,Semiconductors,1129922.4333333333,26995308046.827763,USD,89.3955,75012000,24.878909282409712,2.3064,USD,,4.1590986678099195,1.09,USD,1.319133,USD,55405Y100
MU,"Micron Technology, Inc.",746.81,USD,64112885,1.4308572538440998,746.81,USD,35.25798699796518,Electronic technology,Semiconductors,46083880.03333333,842203041463.6254,USD,99.54260000000001,1127730000,12.705852819215748,21.1813,USD,409.11691183540046,4.516816287179556,12.2,USD,19.30812,USD,595112103
MUX,McEwen Inc.,24.23,USD,1660575,1.4194835296485986,24.23,USD,22.093553387435033,Non-energy minerals,Precious metals,1042614.9333333333,1447502221.930282,USD,85.56580000000001,59740100,7.17794324858206,1.0967,USD,,5.151612522846582,0.56,USD,0.413333,USD,58039P305
MVST,"Microvast Holdings, Inc.",2.13,USD,7338364,2.979686553984772,2.13,USD,,Producer manufacturing,Electrical products,3152060.6333333333,707230132.2222223,USD,62.3746,332033000,1.491734922880075,-0.1183,USD,82.89473684210526,6.6398390342051705,-0.11,USD,0,USD,59516C106
MWA,MUELLER WATER PRODUCTS,26.37,USD,918895,0.6960667130814668,26.37,USD,20.0106237668842,Producer manufacturing,Industrial machinery,1241400.1666666667,4126142406.862402,USD,98.85000000000001,156471000,2.8916348978615845,1.3178,USD,43.99038461538462,2.5677989056829196,0.4,USD,0.392,USD,624758108
MX,Magnachip Semiconductor Corporation,4.53,USD,3469787,1.0132764002521608,4.53,USD,,Electronic technology,Semiconductors,1677130.5666666667,165077077.492228,USD,73.01440000000001,36440900,0.7847162437460904,-0.7077,USD,44.6547274575741,13.350993377483395,-0.11,USD,-0.22,USD,55933J203
MXL,"MaxLinear, Inc",99.83,USD,7747446,0.7730464951469005,99.83,USD,,Electronic technology,Semiconductors,5135776.033333333,8939373432.587591,USD,94.00309999999999,89546000,14.178142783594295,-1.5146,USD,42.61574600287945,8.170117771640367,0.22,USD,0.329,USD,57776J100
NAMS,NewAmsterdam Pharma Company N.V.,38.73,USD,4737883,3.884767792069106,38.73,USD,,Health technology,Pharmaceuticals: major,1118500.2,4527676921.432424,USD,63.49419999999999,116904000,187.9815115931754,-1.8044,USD,3.913946429522334,5.677603186898334,-0.4,USD,-0.485326,USD,
NAT,Nordic American Tankers Limited,5.92,USD,2246988,0.667056908422008,5.92,USD,102.06896551724137,Transportation,Marine shipping,4417208,1253563912.6552901,USD,94.71069999999999,211751000,4.24341319054785,0.058,USD,-74.02597402597402,4.036920849420855,0.06,USD,0.21,USD,G65773106
NAVN,"Navan, Inc.",18.68,USD,3865666,1.27471557635873,18.68,USD,,Technology services,Packaged software,3396852.7,4684215727.8911705,USD,30.481199999999998,235456310,6.3902340765523045,-1.6011,USD,-119.47909527073337,5.628632609360671,0.02,USD,0.004232,USD,639193101
NB,NioCorp Developments Ltd.,6.09,USD,3336404,0.7488843961265997,6.09,USD,,Non-energy minerals,Other metals/Minerals,4546890.733333344,885004665.3105174,USD,97.70119999999999,145320970,,-0.8328,USD,-336.9359916054565,7.248533896317134,-0.06,USD,-0.015,USD,654484609
NBIS,Nebius Group N.V.,177.05,USD,12825720,0.7673757089413098,177.05,USD,347.36119285854426,Technology services,Packaged software,16269070.7,44565333914.83845,USD,92.24980000000001,218159000,75.90895602724926,0.5097,USD,,7.747605599709511,-0.99,USD,-0.766768,USD,
NCLH,Norwegian Cruise Line Holdings Ltd.,17.08,USD,17524368,0.6584854486132321,17.08,USD,14.619532654284003,Consumer services,Hotels/Resorts/Cruise lines,22977480.6,7841600843.252032,USD,99.0979,459110000,0.800200437354829,1.1683,USD,-28.78824820187737,4.474447975911636,0.23,USD,0.398693,USD,G66721104
NEE,"NextEra Energy, Inc.",93.1,USD,6161318,0.6811954700683333,93.1,USD,23.636040518926603,Utilities,Electric utilities,8673663.1,194145297924.89822,USD,99.74589999999999,2085340000.0000002,7.084234952653922,3.9389,USD,47.29815638906547,2.5318398035905987,1.09,USD,1.08854,USD,65339F101
NEM,Newmont Corporation,116.51,USD,5226124,0.6917813337177354,116.51,USD,15.11350369697756,Non-energy minerals,Precious metals,7878446.633333334,124380566741.13527,USD,99.9213,1067550000,5.0540222868614055,7.709,USD,73.0415263748597,3.3350846647131083,2.9,USD,2.328716,USD,651639106
NEO,"NeoGenomics, Inc.",8.96,USD,1747772,0.5911252942567933,8.96,USD,,Health services,Medical/Nursing services,2359493.6333333333,1166697480.0441015,USD,98.2388,130211999.99999999,1.5704883446899272,-0.7729,USD,-26.518251759698813,6.835937500000007,0.01,USD,0.033636,USD,64049M209
NET,"Cloudflare, Inc.",196.13,USD,18856088,4.60752414760468,196.13,USD,,Technology services,Information technology services,4882610.833333333,69033895068.8954,USD,98.9882,317576000,38.886188834087356,-0.2483,USD,-4.503367003366998,5.81483491270369,0.25,USD,0.268962,USD,18915M107
NEXA,Nexa Resources S.A.,14.33,USD,1206476,0.9262650698608924,14.33,USD,14.309966047533452,Non-energy minerals,Other metals/Minerals,1469433.5,1897845378.719311,USD,33.5454,132439000,0.6161575464594258,1.0014,USD,,6.880121622968771,0.67,USD,0.547954,USD,
NEXT,NextDecade Corporation,7.56,USD,2371111,0.683745410274612,7.56,USD,,Energy minerals,Oil & gas production,4334487.433333334,2003347136.5511808,USD,55.71039999999999,264993000,,-1.3471,USD,-96.11297132042512,6.173847316704389,-0.51,USD,-0.6682,USD,65342K105
NFLX,"Netflix, Inc.",87.49,USD,35526198,1.033998923961387,87.49,USD,28.270914789801918,Technology services,Internet software/Services,40766870.96666668,368402746752.7205,USD,99.3866,4210800000,8.023466955810402,3.0947,USD,46.23854078064454,2.3350505363878695,1.23,USD,0.78801,USD,64110L106
NG,Novagold Resources Inc.,8.75,USD,2791197,0.8010025398970692,8.75,USD,,Non-energy minerals,Precious metals,3294801.1,3839330546.419382,USD,75.1172,438781000,,-0.27505375000000004,USD,-117.08104548973301,6.2243265306123465,-0.040687445,USD,-0.07008435360000001,USD,66987E206
NIO,NIO Inc.,5.85,USD,18754769,0.6155851120428266,5.85,USD,,Consumer durables,Motor vehicles,35639394.166666664,14022648057.48754,USD,99.35430000000018,2325773372,1.2067863473773182,-0.9726,USD,36.285620700949885,4.3710622710623825,0.007148000000000001,USD,-0.07501359405,USD,62914V106
NKE,"Nike, Inc.",44.14,USD,17231958,0.9685660595785256,44.14,USD,29.03756331820275,Consumer non-durables,Apparel/Footwear,26298347.533333335,65366363766.1288,USD,97.4303,1199500000,1.4135788772638387,1.5201,USD,-49.42272500415904,2.268997993397601,0.35,USD,0.117362,USD,654106103
NKTR,Nektar Therapeutics,81.89,USD,720523,0.8269756943476037,81.89,USD,,Health technology,Pharmaceuticals: major,1093001.7333333322,2719751846.458078,USD,97.8474,33212300,37.068750964715186,-8.4203,USD,11.610891837420235,6.0721002041065475,-1.82,USD,-2.063498,USD,640268306
NMAX,"Newsmax, Inc.",6.34,USD,1161003,0.7482087021280586,6.34,USD,,Consumer services,Broadcasting,2389979.566666667,818737796.1951219,USD,73.2046,89899155,4.196160806037894,-0.8085,USD,,13.773208652546156,-0.025,USD,-0.03,USD,65250K105
NMRA,"Neumora Therapeutics, Inc.",1.83,USD,2129067,1.3167034814610088,1.83,USD,,Health technology,Pharmaceuticals: major,1560043.2,334319195.6443299,USD,33.6223,182688080,,-1.3268,USD,17.605415140036023,11.31928181108517,-0.3,USD,-0.248581,USD,640979100
NNBR,"NN, Inc.",2.8,USD,2028910,1.739886493311173,2.8,USD,,Producer manufacturing,Metal fabrication,1345087.5666666667,147765827.39130434,USD,87.3988,52773500,0.31537237050831074,-1.092,USD,-9.561553125313539,8.178316326530576,0.02,USD,0.02,USD,629337106
NNDM,Nano Dimension Ltd.,1.58,USD,5096945,2.2258738243016776,1.58,USD,,Producer manufacturing,Industrial machinery,2208631.6,382601974,USD,97.5632,206811875,3.7050769049096033,-1.3681,USD,-217.94097141529164,6.153707052441328,,,,,63008G203
NNE,Nano Nuclear Energy Inc.,27.45,USD,2269217,0.8697524428354393,27.45,USD,,Producer manufacturing,Electrical products,2256389.1666666665,1429683736.1629214,USD,81.2937,52083195,,-1.0933,USD,-170.6188118811881,8.136586000520294,-0.13,USD,-0.2625,USD,63010H108
NNOX,NANO-X IMAGING LTD,1.73,USD,1201095,0.6973043741329015,1.73,USD,,Health technology,Medical specialties,1836538.8,120391089.25,USD,99.177,69590200,9.06411489131849,-1.1478,USD,-25.869064590415604,7.651527663088268,-0.5,USD,-0.16,USD,
NOG,"Northern Oil and Gas, Inc.",23.4,USD,1952237,0.7798108317514322,23.4,USD,,Energy minerals,Oil & gas production,2448680.3666666667,2475512296.3978267,USD,96.87370000000001,105791000,1.145398951985303,-6.3632,USD,-199.09211243478939,3.5408730158732302,0.74,USD,0.919851,USD,665531307
NOMD,Nomad Foods Limited,9.44,USD,2481347,1.4985727803509443,9.44,USD,9.152608105487685,Consumer non-durables,Food: specialty/candy,1328677.5666666667,1341292735.5897436,USD,81.02080000000001,142086000,0.4158596258731638,1.0314,USD,-31.826293872694816,3.7864709443098508,0.2657351,USD,0.383009815,USD,G6564A105
NOW,"ServiceNow, Inc.",91.18,USD,24351778,0.9655740528854235,91.18,USD,54.238296353578015,Technology services,Packaged software,26255820.666666668,94034658246.27652,USD,99.1093,1031310000,6.971543234956999,1.6811,USD,14.104391502070182,4.52316454109642,0.97,USD,0.862507,USD,81762P102
NPT,Texxon Holding Limited,1.38,USD,61520,0.17347848903394308,1.38,USD,,Distribution services,Wholesale distributors,1175225.8333333333,30615298.230769232,USD,15.812700000000001,22185000,,,,,31.13664596273245,,,,,G8772G106
NRG,"NRG Energy, Inc.",138.11,USD,2352892,0.9480810148841046,138.11,USD,161.19281045751634,Utilities,Electric utilities,2610157,29139340869.145496,USD,95.4543,210986000,0.9114938836031162,0.8568,USD,-86.50623661332997,4.35768073068041,1.49,USD,1.825877,USD,629377508
NRGV,"Energy Vault Holdings, Inc.",4.53,USD,4494393,1.029114454379698,4.53,USD,,Producer manufacturing,Electrical products,3759211.533333333,783577003.2433735,USD,80.355,172975000,3.2866150422088642,-0.7043,USD,23.027322404371585,9.003941974140686,-0.12,USD,-0.135,USD,29280W109
NRIX,"Nurix Therapeutics, Inc.",16.52,USD,1293836,1.5775707817341944,16.52,USD,,Health technology,Biotechnology,1065554.6333333333,1708264137.6732185,USD,94.127,103406000,24.96505600579556,-3.1596,USD,-12.52537483528616,4.612590799031501,-0.79,USD,-0.721728,USD,67080M103
NRXP,"NRX Pharmaceuticals, Inc.",3.08,USD,981734,1.0995431179687034,3.08,USD,,Health technology,Pharmaceuticals: major,1004496.4333333335,101848300.60130718,USD,88.3773,33067600,79.27106855510202,-1.5698,USD,34.838736457598266,6.383812615955442,-0.015,USD,0.2887,USD,629444209
NTLA,"Intellia Therapeutics, Inc.",14.09,USD,5780958,0.49568129496731667,14.09,USD,,Health technology,Biotechnology,6074094.133333334,1664501652.1845365,USD,94.6866,118134000,23.485346898967066,-3.8266,USD,27.108215707564238,8.59307512927106,-0.83,USD,-0.910694,USD,45826J105
NTNX,"Nutanix, Inc.",46,USD,3312970,1.0309157088238252,46,USD,50.372317126587824,Technology services,Packaged software,3232073.933333333,12199756550.92532,USD,97.46109999999999,265212000,4.992244450228268,0.9132,USD,,3.278711180124167,0.56,USD,0.355465,USD,67059N108
NTRA,"Natera, Inc.",194.24,USD,3924465,2.674671875252382,194.24,USD,,Health technology,Biotechnology,1439389.8666666667,27529878324.292973,USD,94.99489999999999,141731000,12.437386023171438,-1.6413,USD,-11.942436229709456,5.262388944457627,-0.6,USD,-0.512936,USD,632307104
NTSK,"Netskope, Inc.",11.62,USD,8059840,2.4334176834237065,11.62,USD,,Technology services,Packaged software,4313737.433333334,4651652125.228069,USD,86.7886,231167740,6.3441739234439645,-1.7404,USD,-87.56331501239359,5.185025817556115,-0.04,USD,-0.070018,USD,64119N608
NU,Nu Holdings Ltd.,13.8,USD,50581238,1.5737037123517985,13.8,USD,23.5937767139682,Finance,Regional banks,39499200.06666667,67076270493.87097,USD,95.6411,3837998500,7.11814204332054,0.5849,USD,45.02851475328539,2.8649068322976787,0.182413,USD,0.197138,USD,G6683N103
NUAI,"New Era Energy & Digital, Inc.",4.99,USD,5858844,1.1113329578841205,4.99,USD,,Finance,Financial conglomerates,5976740.2,494014668.16596645,USD,74.59830000000001,99000930,287.34815220239454,-0.9646,USD,10.833795525975233,8.08359576295454,-0.32,USD,-0.07,USD,64428N109
NUVB,Nuvation Bio Inc.,4.79,USD,2908386,0.523167873351752,4.79,USD,,Health technology,Biotechnology,3873720.9,1672677393.7775471,USD,70.599,348202000,12.694350139116086,-0.4281,USD,81.73946425524655,6.874142558902528,0.01,USD,-0.145716,USD,67080N101
NVAX,"Novavax, Inc.",10.11,USD,13292465,2.6938824256707394,10.11,USD,,Health technology,Biotechnology,4208817.3,1662469367.3499458,USD,95.07849999999999,164438000,2.527153191646347,-0.5976,USD,-122.54158651125948,5.079694785926299,-0.06,USD,-0.372693,USD,670002401
NVCR,NovoCure Limited,17.89,USD,2365472,0.999832957657133,17.89,USD,,Health technology,Medical specialties,1582727.6666666667,2072036573.868093,USD,89.3871,115821000,2.848608975406795,-1.5343,USD,-1.5285865537321266,5.297772099337269,-0.62,USD,-0.332857,USD,
NVDA,NVIDIA Corporation,215.2,USD,134626705,0.8136537329339105,215.2,USD,43.904031336706375,Electronic technology,Semiconductors,153208591.56666678,5229360000000,USD,96.1853,24300000000,23.929868758625158,4.9016,USD,66.7494471848954,3.2216741901219446,1.62,USD,1.740383,USD,67066G104
NVT,nVent Electric plc,169.95,USD,1703084,0.6029110849842859,169.95,USD,57.15294592413237,Electronic technology,Electronic components,2235418.1666666665,27484391300.594975,USD,99.075,161720000,6.321078182070364,2.9736,USD,-15.083671254783255,3.245870634220134,1.09,USD,1.154578,USD,
NVTS,Navitas Semiconductor Corporation,18.2,USD,34373228,1.0331008728022981,18.2,USD,,Electronic technology,Semiconductors,31586721.133333333,4253579597.9860673,USD,90.23790000000001,233713000,89.675783287238,-0.6271,USD,-19.24320212968244,11.966248037676637,-0.04,USD,-0.042867,USD,63942X106
NWS,News Corporation,31.31,USD,2393603,2.017825564694976,31.31,USD,41.82473951375901,Consumer services,Publishing: newspapers,1482745.9666666666,15957293894.95494,USD,60.529999999999994,185152000,1.9481073863636325,0.7486,USD,-12.300843486410495,2.423369986768385,0.21,USD,0.22472,USD,65249B208
NXDR,"Nextdoor Holdings, Inc.",2.02,USD,6926497,2.6523424158884663,2.02,USD,,Technology services,Internet software/Services,2710823.7,762815702.59375,USD,91.1398,250121000,2.8011655773009614,-0.1132,USD,52.536687631027256,3.721357850070814,-0.03,USD,-0.023333,USD,65345M108
NXPI,NXP Semiconductors N.V.,294.75,USD,6908368,1.4575921408995383,294.75,USD,28.20385237352522,Electronic technology,Semiconductors,3680230.1333333333,74415852497.02036,USD,99.60390000000001,252471000,5.832582282941934,10.4507,USD,13.848248815294934,3.391612746879872,3.05,USD,3.501342,USD,
NXT,Nextpower Inc.,125.91,USD,1694420,1.1329990365877338,125.91,USD,32.16749271881866,Electronic technology,Electronic equipment/Instruments,1748451,18694593780.73622,USD,98.6332,148475850,5.162861879243944,3.9142,USD,3.132822174795141,5.861255772263674,1.1,USD,0.922901,USD,65290E101
OBDC,Blue Owl Capital Corporation,11.35,USD,4312790,1.1407266901860538,11.35,USD,16.087880935506732,Finance,Finance/Rental/Leasing,4838926.466666667,5633067032.38367,USD,99.05630000000001,496305000,3.3860616529903655,0.7055,USD,-54.40739304640042,2.7714109502831703,0.31,USD,0.335292,USD,69121K104
OCGN,"Ocugen, Inc.",1.51,USD,10112097,1.076698451290824,1.51,USD,,Health technology,Pharmaceuticals: major,7455671.666666667,511159443.125,USD,97.2003,338516000,103.33921730795102,-0.233,USD,-24.665596575708935,6.242667928098316,-0.06,USD,-0.051429,USD,67577C105
OCSL,Oaktree Specialty Lending Corporation,12.15,USD,1067538,1.1395911580694922,12.15,USD,21.557842441447836,Miscellaneous,Investment trusts,1109431.7,1070239138.4520882,USD,99.70020000000001,88085500,3.8507092912100327,0.5636,USD,338.2581648522551,2.4714285714287554,0.39,USD,0.363317,USD,67401P405
OCUL,"Ocular Therapeutix, Inc.",9.65,USD,2085766,0.7542252653527283,9.65,USD,,Health technology,Pharmaceuticals: major,3208906.6333333333,2112967518.0630167,USD,90.4208,218960000,41.686503877935436,-1.4558,USD,-26.745603343200408,4.311621021465591,-0.4,USD,-0.384167,USD,67576A100
OGN,Organon & Co.,13.35,USD,6774671,0.2467546625719988,13.35,USD,14.223311314724057,Health technology,Pharmaceuticals: major,14351121.733333332,3505721408.6373873,USD,99.4889,262601000,0.5681932046081457,0.9386,USD,-67.51012496105784,2.3365436062065186,0.71,USD,0.919151,USD,68622V106
OII,"Oceaneering International, Inc.",36.54,USD,1058103,0.9394678459362337,36.54,USD,10.860454748105216,Producer manufacturing,Industrial machinery,1165564.7333333334,3644669201.338983,USD,98.46349999999998,99744600,1.3134697019552044,3.3645,USD,88.27644096250701,4.866174055829156,0.3,USD,0.457471,USD,675232102
OKLO,Oklo Inc.,72.51,USD,9929900,0.6484711873317468,72.51,USD,,Producer manufacturing,Industrial machinery,13552191.2,12585473038.91285,USD,81.948,173569000,,-0.7175,USD,86.44307982994803,8.94940599326193,-0.27,USD,-0.189865,USD,02156V109
OKTA,"Okta, Inc.",83.9,USD,3744813,1.4363105786085433,83.9,USD,64.18789687093566,Technology services,Packaged software,3767679.7,14840897743.595451,USD,99.366,169200000,4.999930113052425,1.3071,USD,2130.5460750853244,3.290950110676025,0.9,USD,0.85209,USD,679295105
OLN,Olin Corporation,26.84,USD,2869474,1.4701673720921022,26.84,USD,,Process industries,Industrial specialties,2450211.8333333335,3055922990.309417,USD,99.56429999999999,113857000,0.45319483302577523,-1.1212,USD,-320.9261083743842,4.8075899510328,-0.332812,USD,0.038718,USD,680665205
OMC,Omnicom Group Inc.,77.06,USD,2829417,0.5409544241657539,77.06,USD,192.79459594696021,Commercial services,Advertising/Marketing services,4675553.6,21962576869.36012,USD,99.1209,285006000,1.1609160428562788,0.3997,USD,-94.53125,2.6389455340925494,1.9,USD,2.48948,USD,681919106
OMER,Omeros Corporation,14.13,USD,858691,0.7769508030355236,14.13,USD,,Health technology,Pharmaceuticals: major,1244802.6,1017305906.4221311,USD,96.16050000000001,71996200,,-0.4998,USD,81.46486185796402,4.343999595592038,0.98,USD,-0.3007,USD,682143102
OMEX,"Odyssey Marine Exploration, Inc.",1.22,USD,1486791,0.9556218064600889,1.22,USD,,Process industries,Agricultural commodities/Milling,10999084.2,71209764.04724409,USD,89.1266,58368700,184.2802836219293,-1.1244,USD,-274.8,7.74443793911006,-0.3,USD,,,676118201
ON,ON Semiconductor Corporation,103.2,USD,10759413,0.7271171012249462,103.2,USD,73.56190747736831,Electronic technology,Semiconductors,11389420.2,40444410303.59606,USD,99.3662,391903000,6.539732970476666,1.4029,USD,-2.6912672539363216,4.30150885935768,0.64,USD,0.707541,USD,682189105
ONDS,Ondas Inc,9.06,USD,33713790,0.6902554045053001,9.06,USD,,Electronic technology,Telecommunications equipment,54225586.5,4395401881.235096,USD,98.2565,485144000,66.72423855413831,-0.525,USD,13.651315789473678,7.887890255439831,-0.335,USD,-0.05375,USD,68236H204
ONEG,OneConstruction Group Limited,1.4,USD,3726105,1.1039388054723247,1.4,USD,,Industrial services,Engineering & construction,1912885.4333333333,22399998.91472868,USD,43.75,16000000,,,,,113.3668367346938,,,,,G6826S100
ONON,On Holding AG,35.24,USD,6083649,1.252817251028568,35.24,USD,47.45488823054134,Consumer non-durables,Apparel/Footwear,6139786.3,11664353105.969145,USD,75.38870000000001,296873350,3.2751130343609773,0.7426,USD,-11.763307984790872,3.315631587481776,0.31535,USD,0.3366765282,USD,
OPCH,"Option Care Health, Inc.",20.51,USD,4304422,0.7456536887313654,20.51,USD,16.046002190580506,Health services,Medical/Nursing services,3074272.033333333,3220633949.879036,USD,98.3925,157028000,0.5792695106455557,1.2782,USD,2.1008067737039693,4.618304659747819,0.4,USD,0.426121,USD,68404L201
OPK,"Opko Health, Inc.",1.14,USD,1942105,0.7105640267176655,1.14,USD,,Health services,Medical/Nursing services,2293967.4,860805139.5535712,USD,49.9659,755092000,1.4625871758425946,-0.2738,USD,-261.21372031662264,3.8408521303257004,-0.07,USD,-0.08,USD,68375N103
OPTU,"Optimum Communications, Inc.",1.13,USD,4992067,1.4461726664693464,1.13,USD,,Communications,Major telecommunications,2642741.3666666667,531589828.18644065,USD,88.88470000000001,287414000,0.06555560951992666,-9.9314,USD,-2821.85937040306,9.923514538558683,-6.1,USD,-0.146279,USD,02156K103
OPTX,"Syntec Optics Holdings, Inc.",7.32,USD,584678,0.5235788601939008,7.32,USD,,Electronic technology,Electronic components,1203967.3666666667,291711546.11063826,USD,16.8313,39851307,9.268185882452224,-0.0486,USD,28.106508875739642,14.01629586260738,,,,,87169M105
ORCL,Oracle Corporation,195.95,USD,20825373,0.7629481205889108,195.95,USD,35.18142808409788,Technology services,Packaged software,29256458.766666666,563561183193.2666,USD,59.484899999999996,2876050000,8.843205518360717,5.5697,USD,30.860861801607076,4.02280465133251,1.79,USD,1.952008,USD,68389X105
ORGO,Organogenesis Holdings Inc.,2.37,USD,2964579,2.114174353655395,2.37,USD,,Health technology,Medical specialties,2039226.6333333333,304878385.9328064,USD,43.39750000000001,128640999.99999999,0.628179386385185,-0.159,USD,-6.425702811244978,6.879445449065698,-0.366353,USD,-0.3,USD,68621F102
ORIC,"Oric Pharmaceuticals, Inc.",8.85,USD,1258115,0.9372913311233259,8.85,USD,,Health technology,Pharmaceuticals: major,2167589.4,916130474.710556,USD,58.0989,103518000,,-1.4311,USD,23.910038281582306,6.171751412429407,-0.34,USD,-0.35703,USD,68622P109
OSCR,"Oscar Health, Inc.",21.31,USD,9025910,1.1265258392982012,21.31,USD,,Health services,Managed health care,7030773.966666667,5658450354.000478,USD,90.0596,265529999.99999997,0.5173446219083865,-0.6096,USD,-318.80832735104093,4.561909231078631,2.07,USD,0.372501,USD,687793109
OSS,"One Stop Systems, Inc.",15.68,USD,2605705,0.862104475136471,15.68,USD,62.4203821656051,Electronic technology,Computer processing hardware,1949796.1,388378214.9086093,USD,84.69490000000002,24769000,7.042373255890944,0.2512,USD,,8.317328717201168,0.00541,USD,-0.03,USD,68247W109
OTF,Blue Owl Technology Finance Corp.,10.92,USD,2143770,0.9851320547147003,10.92,USD,12.0890069744271,Finance,Finance/Rental/Leasing,1950978,5052052831.9202175,USD,83.21039999999999,461123693,3.5513380387280566,0.9033,USD,-36.38732394366197,3.532182103610841,0.29,USD,0.314956,USD,095924106
OUST,"Ouster, Inc.",25.2,USD,3817744,1.0909893241908128,25.2,USD,,Electronic technology,Semiconductors,2501106.966666667,1604558373.4149325,USD,92.7072,63673000,8.176371348027834,-0.9742,USD,50.41734527687297,9.69506802721101,-0.133069,USD,-0.1175,USD,68989M202
OVID,Ovid Therapeutics Inc.,2.8,USD,1515811,0.9214258277347404,2.8,USD,,Health technology,Pharmaceuticals: major,2725350.2333333334,484503952.8205128,USD,88.7622,173037000,30.745093233590737,-0.2626,USD,29.560085836909877,5.5096938775510225,0.06,USD,-0.123533,USD,690469101
OWL,Blue Owl Capital Inc.,10.56,USD,20211578,0.5082861833483378,10.56,USD,129.0953545232274,Finance,Investment managers,31954398.366666667,16463572041.368116,USD,93.53510000000001,675802000,2.397242949658615,0.0818,USD,-17.623363544813696,5.096658549783347,0.19,USD,0.220868,USD,09581B103
OXSQ,Oxford Square Capital Corp.,1.82,USD,1993938,0.8783873258776459,1.82,USD,,Miscellaneous,Investment trusts,1531793.8,170219294.60215053,USD,92.53049999999999,93527100,44.20497131609958,-0.4056,USD,-10500.000000000002,2.955651491366268,0.05,USD,0.04,USD,69181V107
OXY,Occidental Petroleum Corporation,53.03,USD,12901221,1.0120780713425077,53.03,USD,60.52271170965533,Energy minerals,Integrated oil,15654085.033333333,52745477041.86133,USD,99.6615,994635000,2.3035111544660274,0.8762,USD,-64.53780152177433,2.7935535141833756,1.06,USD,1.633138,USD,674599105
OZK,Bank OZK,48.5,USD,781490,0.6749747345475664,48.5,USD,7.895165228715611,Finance,Regional banks,1152565.2333333334,5501447359.735154,USD,99.99989999999998,113432000,3.0866023923230093,6.143,USD,0.5927818169908955,2.0699410898381045,1.44,USD,1.480384,USD,06417N103
P,"Everpure, Inc.",78.16,USD,3344913,1.5040589063242351,78.16,USD,143.4654919236417,Electronic technology,Computer peripherals,2492627.6333333333,25828827911.095337,USD,94.3512,330461000,7.185382420158316,0.5448,USD,78.09741745668516,3.7578501973972287,0.69,USD,0.391881,USD,74624M102
PAA,"Plains All American Pipeline, L.P.",21.72,USD,5929622,1.5048287653285652,21.72,USD,12.920880428316478,Industrial services,Oil & gas pipelines,3293663.3333333335,15324148135.616116,USD,65.1115,705532000,0.34774215126650027,1.681,USD,129.73896405630722,2.119508024204052,0.39,USD,0.386675,USD,726503105
PACB,"Pacific Biosciences of California, Inc.",1.41,USD,9783901,1.5854000484115813,1.41,USD,,Health technology,Medical specialties,6504011,425817584.2,USD,90.4125,301998000,3.1531672186465065,-0.4268,USD,84.58426641623925,8.382978723404324,-0.03,USD,-0.13245,USD,69404D108
PAGS,PagSeguro Digital Ltd.,10.09,USD,2188600,0.7088680343334918,10.09,USD,7.916830129462534,Commercial services,Miscellaneous commercial services,3458990,2936003722.846838,USD,93.6567,170522000,0.8298469362548202,1.2745,USD,3.795097320628714,3.3498513379583135,0.415188,USD,0.39048812720000003,USD,G68707101
PALI,"Palisade Bio, Inc.",1.8,USD,3005323,0.9361956388127362,1.8,USD,,Health technology,Pharmaceuticals: major,4633822.8,301363578.9949749,USD,97.41799999999999,167424000,,-1.4849,USD,88.60145389227073,11.300396825396728,-0.04,USD,-0.042857,USD,696389402
PANW,"Palo Alto Networks, Inc.",207.88,USD,11622042,1.8950563893824308,207.88,USD,115.02877379371404,Technology services,Packaged software,7649028.666666663,169630078946.479,USD,99.0387,816000000,14.123985929871692,1.8072,USD,2.0959267837975206,3.3535831111355536,1.03,USD,0.794263,USD,697435105
PAPL,Pineapple Financial Inc.,1.13,USD,325653,0.06573428792406551,1.13,USD,,Finance,Finance/Rental/Leasing,7365255.533333333,29480174.499999993,USD,,,1.0299368025597355,-8.2298,USD,14.378160178114415,26.938685208596247,-1.21,USD,-0.4118,USD,72303K405
PAR,PAR Technology Corporation,14.4,USD,2266679,1.9915639567076184,14.4,USD,,Electronic technology,Electronic equipment/Instruments,1587586.9333333333,593945279.0393596,USD,98.5623,41246200,1.291981116803777,-1.876,USD,-630.8141799766265,6.1962301587302635,0.1,USD,0.093333,USD,698884103
PATH,"UiPath, Inc.",10.79,USD,23340414,0.8668900333507925,10.79,USD,20.658625311123874,Technology services,Packaged software,23996717.266666666,5653120379.062214,USD,90.4741,459231000,3.700520138186927,0.5223,USD,,4.319475705017906,0.3,USD,0.159334,USD,90364P105
PAYO,Payoneer Global Inc.,5.16,USD,8310938,2.434339064690722,5.16,USD,26.21951219512195,Commercial services,Miscellaneous commercial services,3229244.2333333334,1779028555.5889332,USD,75.70129999999999,344773000,1.6608558797173882,0.1968,USD,-34.18060200668896,4.118217054263659,0.06,USD,0.056132,USD,70451X104
PAYP,PayPay Corporation - American Depository Shares,19.61,USD,1292709,1.3716219786488104,19.61,USD,,Commercial services,Miscellaneous commercial services,1349520,12884412805,USD,,668625454,,,,,6.256392511109474,0.181345,USD,0.126685,USD,70450C101
PAYX,"Paychex, Inc.",93.93,USD,2446290,0.7777824020917132,93.93,USD,20.70538961754657,Technology services,Data processing services,3403454.8666666667,33654261527.5191,USD,89.722,358291000,5.350101045186147,4.5365,USD,-5.656649682853286,2.604895743030686,1.71,USD,1.306766,USD,704326107
PBF,PBF Energy Inc.,40.71,USD,5415468,1.5059219329127627,40.71,USD,10.935317502954765,Energy minerals,Oil refining/Marketing,3476467.566666667,4816338037.058389,USD,81.55389999999998,118308000,0.16222581575793324,3.7228,USD,,5.930045267922952,-0.88,USD,2.937127,USD,69318G106
PBI,Pitney Bowes Inc.,15.7,USD,3083475,0.7968894414768927,15.7,USD,15.182284111788027,Technology services,Packaged software,3479155.7666666666,2126430307.503209,USD,99.42039999999999,135441000,1.2265764549280553,1.0341,USD,301.74825174825173,3.662238398544109,0.47,USD,0.32,USD,724479100
PCG,Pacific Gas & Electric Co.,16.07,USD,15323260,0.769451868119905,16.07,USD,12.59305697045686,Utilities,Electric utilities,21319799.6,35389754563.857315,USD,,2202220000,1.42954321991251,1.2761,USD,17.353319845503044,2.574673304293761,0.43,USD,0.361659,USD,69331C108
PCOR,"Procore Technologies, Inc.",53.28,USD,2777716,0.8256421324325681,53.28,USD,,Technology services,Packaged software,2534618.6,8039430297.095872,USD,80.0548,150890000,5.890911903804079,-0.5107,USD,40.51252184041934,4.590974903474797,0.34,USD,0.414115,USD,74275K108
PCT,"PureCycle Technologies, Inc.",9.53,USD,5034980,1.3060384818828528,9.53,USD,,Industrial services,Environmental services,3854908.5,1723629462.0067112,USD,97.1993,180864000,147.99791964777117,-1.4668,USD,-26.426478193414948,5.759631239694016,-0.21,USD,-0.278333,USD,74623V103
PCVX,"Vaxcyte, Inc.",53.01,USD,1917139,1.133179617462279,53.01,USD,,Health technology,Biotechnology,1382357.5333333334,7654521469.4650345,USD,97.5101,144398000,,-6.9663,USD,-71.33054599114611,5.048912604090862,-2.3,USD,-1.97,USD,92243G108
PD,"PagerDuty, Inc.",7.29,USD,1912920,0.8220836812186291,7.29,USD,3.9591592896323253,Technology services,Packaged software,2393916.7666666666,619500430.0566801,USD,92.64829999999999,84979500,1.3472453740361294,1.8413,USD,,5.884773662551188,0.29,USD,0.247289,USD,69553P100
PDD,PDD Holdings Inc.,98.78,USD,6650658,1.2127661553190034,98.78,USD,10.60337702208053,Retail trade,Department stores,6665492.433333334,144488977898,USD,97.60330000000027,1423396462,2.5099322449201313,9.3159,USD,-11.758688300986053,2.505922251467972,2.5289624,USD,2.39950238505,USD,722304102
PDSB,PDS Biotechnology Corporation,1.25,USD,891353,1.2750054570364586,1.25,USD,,Health technology,Pharmaceuticals: major,1056089.7666666666,69769562.50000001,USD,97.4208,55815700,,-0.7477,USD,27.639601277460567,10.883428571428535,-0.13,USD,-0.14,USD,70465T107
PDYN,Palladyne AI Corp.,6.11,USD,1134526,0.8878867706963854,6.11,USD,,Producer manufacturing,Industrial machinery,1231539.6333333394,288662239.83577234,USD,72.2336,47244200,39.18341049618331,-0.6057,USD,67.67531219980788,6.4408463876548225,-0.23,USD,-0.235,USD,80359A205
PEGA,Pegasystems Inc.,35.975,USD,1551975,0.7303864432445061,35.975,USD,19.366386735572785,Technology services,Information technology services,2322093.966666667,6011999575.043561,USD,54.194900000000004,167116000,3.863672148137345,1.8576,USD,80.64767091315763,5.903405142459945,0.46,USD,0.433721,USD,705573103
PENG,"Penguin Solutions, Inc.",44.23,USD,4351566,1.5812073656874375,44.23,USD,63185.71428571428,Electronic technology,Semiconductors,2109234.3,2244562297.176501,USD,95.51669999999999,50747500,1.5376977888985033,0.0007,USD,,5.405203320306199,0.52,USD,0.516429,USD,706915105
PFE,"Pfizer, Inc.",25.68,USD,37289692,0.8992893828468687,25.68,USD,19.688721919803726,Health technology,Pharmaceuticals: major,36247266.99999999,146361715477.69485,USD,99.9354,5699440000,2.3968550896312006,1.3043,USD,-5.382662314109543,2.2485619715174976,0.75,USD,0.683399,USD,717081103
PFLT,PennantPark Floating Rate Capital Ltd.,8.92,USD,1795585,1.95698712144364,8.92,USD,25.595408895265425,Miscellaneous,Investment trusts,1053320.6333333333,885023654.0780377,USD,99.11159999999998,99217900,3.814486415991971,0.3485,USD,-74.97666403389101,2.1395739910314022,0.26,USD,0.282857,USD,70806A106
PGEN,"Precigen, Inc.",4.21,USD,4873505,1.7174993319961744,4.21,USD,,Health technology,Biotechnology,4000638.8333333335,1490039778.3060238,USD,43.4537,353929000,151.6656694444445,-1.3997,USD,-190.09326424870468,4.851034950797469,-0.07,USD,-0.0336,USD,74017N105
PGNY,"Progyny, Inc.",23.72,USD,4388683,2.955565396927633,23.72,USD,30.642035912672778,Commercial services,Miscellaneous commercial services,1416094.0666666667,1857963922.0918577,USD,82.69379999999998,78329000,1.255801495073573,0.7741,USD,36.62195552417932,3.097958323295611,0.29,USD,0.301,USD,74340E103
PGY,Pagaya Technologies Ltd.,15.19,USD,6029943,1.454323710290287,15.19,USD,15.146076378502345,Technology services,Packaged software,3622977.7666666647,1253576603.02,USD,87.6154,71237900,1.1736964906843033,1.0029,USD,,5.725477287689432,0.28,USD,0.315556,USD,
PINS,"Pinterest, Inc.",21.27,USD,19154113,0.829301466488939,21.27,USD,44.110327664869345,Technology services,Internet software/Services,17273905.3,11914545863.778654,USD,98.29390000000001,481750000,3.13614755573072,0.4822,USD,-82.48965066453627,4.256498085835191,0.27,USD,0.355066,USD,72352L106
PL,Planet Labs PBC,39.04,USD,12855194,1.5375642691866378,39.04,USD,,Technology services,Packaged software,12259994.5,13513657931.56867,USD,82.53620000000001,322655000,36.34401836471938,-0.7881,USD,-86.8421052631579,8.491053132318543,0,USD,-0.043927,USD,72703X106
PLAY,"Dave & Buster's Entertainment, Inc.",10.31,USD,1505660,0.8937022264383574,10.31,USD,,Consumer services,Movies/Entertainment,1964416.6333333333,358163290.80802286,USD,96.8453,34739400,0.17266612772837506,-1.4229,USD,-202.36690647482015,7.419426354440907,-1.15,USD,0.615,USD,238337109
PLNT,"Planet Fitness, Inc.",45.88,USD,7552530,2.0524993690338986,45.88,USD,16.575743343328877,Consumer services,Other consumer services,2248407.2,3642879545.545104,USD,99.57039999999999,79084200,2.5358177696975064,2.7679,USD,31.254742033383913,6.713943205878324,0.74,USD,0.859682,USD,72703H101
PLTR,Palantir Technologies Inc.,137.8,USD,41501416,0.9026464900899235,137.8,USD,155.2501126633619,Technology services,Packaged software,48606797.53333333,330349640788.83325,USD,95.56059999999998,2296070000,67.44513758538677,0.8876,USD,287.59825327510913,3.9050279908769268,0.33,USD,0.33861,USD,69608A108
PLUG,"Plug Power, Inc.",3.12,USD,45323589,0.6505526614394641,3.12,USD,,Electronic technology,Electronic production equipment,69271191,4349140002.709265,USD,95.4594,1393960000,6.142867106669917,-1.329,USD,47.35591206179442,6.959706959706971,-0.63,USD,-0.09705,USD,72919P202
PN,Skycorp Solar Group Limited,5.81,USD,514027,0.059447917454541505,5.81,USD,,Utilities,Electric utilities,2967109.478333333,83151267.87678339,USD,83.35250000000002,1286750,1.1852154527590746,-0.2775,USD,-673.3471074380166,23.820014752888767,,,,,G8221K138
PNC,"PNC Financial Services Group, Inc. (The)",216.85,USD,1572429,1.0257373525440054,216.85,USD,12.590063806687219,Finance,Major banks,2025512.5,87079288700.59535,USD,99.5843,401565000,3.722231768650462,17.2239,USD,21.59906809276713,2.1172140057314532,4.13,USD,4.343033,USD,693475105
PNR,Pentair plc.,76.82,USD,1428252,0.4936618333556905,76.82,USD,18.855698191011513,Producer manufacturing,Industrial machinery,1839240.5,12414537826.608156,USD,99.42229999999998,161606000,3.0758755919377485,4.0741,USD,5.0729870531799515,3.4856250232454165,1.22,USD,1.482193,USD,
PODD,Insulet Corporation,154.16,USD,1737728,0.833637001238658,154.16,USD,35.88120286751699,Health technology,Medical specialties,1271099.9,10677841325.369576,USD,99.59209999999999,69264700,3.8816921645006754,4.2964,USD,-22.682119205298008,5.908240047446036,1.42,USD,1.457102,USD,45784P101
POET,POET Technologies Inc.,10.95,USD,71354952,0.9996486594394249,10.95,USD,,Producer manufacturing,Electrical products,39728901.166666664,1674060100.287056,USD,99.7755,90720300,1176.6744838426782,-0.5595,USD,34.58435636618729,15.463078930202197,-0.03166,USD,-0.04,USD,73044W302
POWI,"Power Integrations, Inc.",73.28,USD,1563029,1.2045857257621502,73.28,USD,246.15384615384613,Electronic technology,Semiconductors,1080279.4,4081987721.324238,USD,97.5513,55704000,8.993014342916936,0.2977,USD,-54.178851777743574,6.528423268870877,0.25,USD,0.32,USD,739276103
PPG,"PPG Industries, Inc.",109.61,USD,1380694,0.6850822796969845,109.61,USD,15.703663376266135,Process industries,Industrial specialties,2029797.3333333333,24432068399.273205,USD,99.87660000000001,222900000,1.516276409652007,6.9799,USD,18.227243470307247,2.9139025375683008,1.83,USD,2.247911,USD,693506107
PPL,PPL Corporation,35.91,USD,12293180,1.2634815817238096,35.91,USD,22.617622976632866,Utilities,Electric utilities,7751679.366666666,27010249080.860756,USD,99.8121,752165000,3.030182272727271,1.5877,USD,32.55134413090666,2.191808887297752,0.63,USD,0.372237,USD,69351T106
PR,Permian Resources Corporation,19.72,USD,14334427,0.9003621264927515,19.72,USD,22.946241563881774,Energy minerals,Integrated oil,13631555.033333333,17089616232.286852,USD,89.85270000000001,842365000,3.274726173775917,0.8594,USD,-46.963712663539866,2.8559837728196267,0.05,USD,0.508076,USD,71424F105
PRGO,Perrigo Company plc,11.71,USD,2450526,1.028579084594055,11.71,USD,,Health technology,Pharmaceuticals: major,2785461.1,1620286592.2952218,USD,99.62140000000001,138368000,0.38903982385602087,-13.1048,USD,-932.8499369482975,4.1925704526037295,0.43,USD,0.343333,USD,
PRIM,Primoris Services Corporation,104.8,USD,3177447,1.208385494751127,104.8,USD,23.145898670435972,Industrial services,Engineering & construction,1469824.9666666666,5685917092.594925,USD,98.8447,54254900,0.7903683926586758,4.5278,USD,20.059395964256353,8.916391766630445,0.59,USD,1.215451,USD,74164F103
PRMB,Primo Brands Corporation,23.23,USD,8531651,1.777019058559193,23.23,USD,147.58576874205843,Consumer non-durables,Beverages: non-alcoholic,4301436.2,8436600250.8134,USD,66.7256,363176940,1.2186596608931421,0.1574,USD,,3.991021462394686,0.23,USD,0.321517,USD,741623102
PRME,"Prime Medicine, Inc.",3.21,USD,2444053,1.2127462624134466,3.21,USD,,Health technology,Biotechnology,2052086.8666666667,579572467.1942216,USD,52.3407,180552190,136.75129917575637,-1.2549,USD,24.202705967625036,7.530930129060967,-0.28,USD,-0.253719,USD,74168J101
PSKY,Paramount Skydance Corporation,11.09,USD,7868878,0.7328526264629037,11.09,USD,,Consumer services,Cable/Satellite TV,11595475.566666666,12411629506.878256,USD,79.5808,1087670000,0.4141596088962338,-0.5171,USD,93.71276414658463,4.043861909055535,0.23,USD,0.152178,USD,69932A204
PSLV,Sprott Physical Silver Trust ETV,26.21,USD,7351498,1.0474420195126468,26.21,USD,1.8160527701560378,Miscellaneous,Investment trusts,7920429.966666667,16263303560,USD,99.99759999999999,635782000,,14.4324,USD,738.8979307137876,2.2006050035428326,,,,,85207K107
PSNL,"Personalis, Inc.",5.98,USD,2726525,1.1196254058887198,5.98,USD,,Health services,Medical/Nursing services,1955801.6,625973831.0183641,USD,65.40169999999999,104678000,9.673862719987593,-1.017,USD,21.162790697674428,8.11036789297658,-0.29,USD,-0.265414,USD,71535D106
PTEN,"Patterson-UTI Energy, Inc.",11.42,USD,5313769,0.6184996803542228,11.42,USD,,Industrial services,Contract drilling,10383507.133333333,4335233451.402279,USD,95.81689999999999,379618000,0.9287367484536027,-0.3115,USD,88.02245549275194,4.811733800350311,-0.069473,USD,-0.071479,USD,703481101
PTLO,Portillo's Inc.,4.3,USD,2243248,0.888556197976637,4.3,USD,19.421860885275517,Consumer services,Restaurants,1750676.3,325963679.58715594,USD,94.9506,72380960,0.4256718509126962,0.2214,USD,-48.77371587228134,9.161129568104421,-0.01,USD,0.093313,USD,73642K106
PTON,"Peloton Interactive, Inc.",5.69,USD,16927430,1.1182793741182304,5.69,USD,126.7260579064588,Consumer services,Other consumer services,15424200.8,2421032903.6024737,USD,97.3093,409652000,1.185799504870967,0.0449,USD,,5.48819984935979,0.06,USD,0.124897,USD,70614W100
PURR,Hyperliquid Strategies Inc,6.71,USD,6651411,0.9965378181386363,6.71,USD,,Finance,Financial conglomerates,5539519.033333333,831821992.6122137,USD,83.4375,123967510,,,,,6.396529699808362,0,USD,-2.473333,USD,44916Y106
PWP,Perella Weinberg Partners,18.38,USD,1575217,1.1085849022809706,18.38,USD,76.32890365448505,Finance,Investment managers,1055883.0333333334,1708135691.252257,USD,94.8716,71010000,2.7691432392669078,0.2408,USD,,6.65789678221653,0.05,USD,0.1525,USD,71367G102
PWR,"Quanta Services, Inc.",745,USD,1239752,0.8897615399858083,745,USD,102.20880779256414,Industrial services,Engineering & construction,1097797.2333333334,111794808951.02768,USD,99.1576,150060000,3.7905432820460048,7.289,USD,17.851541657908776,2.980006711409382,2.68,USD,3.278694,USD,74762E102
PYPL,"PayPal Holdings, Inc.",45.37,USD,13887110,0.9107444877490425,45.37,USD,8.510917685900802,Commercial services,Miscellaneous commercial services,14116694.366666667,40021128942.88857,USD,99.8979,882105000,1.2498500969960613,5.3308,USD,19.591699383062267,2.874460782770144,1.34,USD,1.294243,USD,70450Y103
Q,"Qnity Electronics, Inc.",147.33,USD,1736479,1.0256065119861275,147.33,USD,44.592754017978756,Electronic technology,Electronic equipment/Instruments,1536728.3666666667,30877778326.650745,USD,99.91990000000001,209582430,6.327117049026072,3.3039,USD,,3.824087810648603,0.82,USD,0.9223,USD,74743L100
QBTS,D-Wave Quantum Inc.,22.57,USD,20067709,0.8420630065703141,22.57,USD,,Electronic technology,Computer processing hardware,29422148.6,8360523787.443838,USD,97.1721,367250000,315.6539421645584,-1.1015,USD,-59.01544680236754,6.779226533324846,-0.09,USD,-0.076577,USD,26740W109
QCOM,QUALCOMM Incorporated,219.09,USD,37732199,1.0702358331015902,219.09,USD,23.83122674962473,Electronic technology,Semiconductors,19072851.066666666,230920863479.6965,USD,99.89860000000002,1054000000,4.8809423189318,9.1934,USD,-6.380855397148674,5.828465796834933,2.65,USD,2.218278,USD,747525103
QFIN,"Qfin Holdings, Inc.",13.15,USD,648332,0.695541757695211,13.15,USD,2.152984708078195,Finance,Finance/Rental/Leasing,1069612.4666666666,1671103538.7523499,USD,90.4275,121911959,0.6457790665261149,6.1078,USD,5.521578383608036,3.3913090711565888,1.1179472000000001,USD,0.9261027,USD,88557W101
QNCX,"Quince Therapeutics, Inc.",1.28,USD,1239445,1.2424933331435317,1.28,USD,,Health technology,Biotechnology,8620833.589999998,20865016.12307692,USD,86.80460000000001,16300799.999999998,,-16.4304,USD,-25.063938618925814,8.065290178571136,-1.4,USD,-1.3,USD,22053A206
QRVO,"Qorvo, Inc.",90.53,USD,1088411,0.8049828854114301,90.53,USD,24.997929034930277,Electronic technology,Semiconductors,1114741.8666666667,8392645402.103406,USD,99.0218,92705700,2.2403357548707805,3.6215,USD,515.7966332256419,3.409138249356986,1.69,USD,1.095844,USD,74736K101
QS,QuantumScape Corporation,7.54,USD,17458904,0.6899770865407739,7.54,USD,,Producer manufacturing,Electrical products,19850227.733333334,4638193858.062585,USD,81.7707,578338000,,-0.7145,USD,21.232499173189286,9.289314134141634,-0.16,USD,-0.18021,USD,74767V109
QTRX,Quanterix Corporation,2.825,USD,2358795,1.8353513318696968,2.825,USD,,Health technology,Medical specialties,1151623.1666666667,133074393.50000001,USD,81.42759999999998,47106000,0.8911100918064008,-2.3669,USD,-90.70985416163077,10.255625790138739,-0.37,USD,-0.402133,USD,74766Q101
QUBT,Quantum Computing Inc.,9.6,USD,12678691,1.08044430718393,9.6,USD,,Technology services,Information technology services,13856612.5,2165011548.9096575,USD,87.70559999999999,225522000,3050.817888563048,-0.1399,USD,79.03177458033572,7.037648809523938,-0.01,USD,-0.0475,USD,74766W108
QURE,uniQure N.V.,27.66,USD,6669359,3.380217965441324,27.66,USD,,Health technology,Biotechnology,1793254.5666666667,1703960284.499379,USD,93.5302,61603800,83.74729204890352,-3.5126,USD,19.993622448979586,6.517921702303596,-0.85,USD,-0.838808,USD,
QXO,"QXO, Inc.",18.76,USD,14311380,0.8895933783537723,18.76,USD,,Distribution services,Wholesale distributors,14764142.7,13599647898,USD,90.9102,724928000,1.964474560338413,-0.5851,USD,18.9612188365651,6.200502589095985,0.02,USD,-0.096158,USD,82846H405
RAL,Ralliant Corporation,47.23,USD,1684723,1.4943470687443487,47.23,USD,,Electronic technology,Electronic equipment/Instruments,1088780.4,5286435300.356583,USD,99.44559999999998,111929600,2.5037954369682884,-10.8261,USD,,3.0776443543752476,0.69,USD,0.489955,USD,750940108
RARE,Ultragenyx Pharmaceutical Inc.,26.12,USD,1557063,0.8154188470077435,26.12,USD,,Health technology,Pharmaceuticals: major,1842388.2,2572538534.7585154,USD,94.2213,98489200,3.9267465257704672,-6.106,USD,-3.8223491804393683,4.147068475169459,-1.84,USD,-1.244021,USD,90400D108
RBLX,Roblox Corporation,41.91,USD,17034071,0.9933114045330896,41.91,USD,,Technology services,Packaged software,11754908.633333333,30119283912.913128,USD,92.45239999999998,671596000,6.016183140079253,-1.5671,USD,-16.91286183228886,7.63494904046064,-0.35,USD,-0.350705,USD,771049103
RBRK,"Rubrik, Inc.",62.34,USD,3567098,1.2196373102754476,62.34,USD,,Technology services,Information technology services,3389487.6666666665,12830166204.927956,USD,93.10820000000001,160938030,9.381937575929326,-1.7798,USD,72.42116680870846,4.031726935239683,0.04,USD,-0.031698,USD,781154109
RCAT,"Red Cat Holdings, Inc.",10.37,USD,8682892,1.0549007144207438,10.37,USD,,Technology services,Packaged software,10752787.433333334,1256208935.5945945,USD,87.7288,121139000,22.941952157748943,-0.6906,USD,-113.14814814814812,7.2795839647335105,-0.22,USD,-0.175,USD,75644T100
RCKT,"Rocket Pharmaceuticals, Inc.",3.63,USD,3682582,1.7923662133667,3.63,USD,,Health technology,Biotechnology,3313127.1666666665,396115892.5831062,USD,93.93740000000001,109123000,,-1.8769,USD,28.558922046285023,6.423061786698126,-0.42,USD,-0.221707,USD,77313F106
RCL,Royal Caribbean Cruises Ltd.,275.24,USD,2289722,0.7386096832905528,275.24,USD,16.80095712471921,Consumer services,Hotels/Resorts/Cruise lines,2661776.566666667,73817984132.831,USD,93.60740000000001,268195000,4.139426256254081,16.3824,USD,37.58860483085296,3.708706168123422,3.6,USD,3.991552,USD,
RCUS,"Arcus Biosciences, Inc.",25.36,USD,967740,0.8260391748485437,25.36,USD,,Health technology,Biotechnology,1246943.9666666666,3189607498.4794188,USD,65.9592,125773000,13.16699999999997,-3.1828,USD,24.050874555563507,6.952625056331587,-1.02,USD,-0.8826,USD,03969F109
RDDT,"Reddit, Inc.",155.8,USD,5737433,0.8893034249439449,155.8,USD,44.177276207219215,Technology services,Internet software/Services,4854966,29992907127.252213,USD,96.5089,141965640,13.423523932084013,3.5267,USD,445.5909653465347,5.753021272693975,1.01,USD,0.942871,USD,75734B100
RDW,Redwire Corporation,11.07,USD,55576865,2.5273206931824905,11.07,USD,,Electronic technology,Aerospace & defense,24239876.1,2202030314.628261,USD,94.2948,198919000,4.803198580971429,-2.6879,USD,-18.97574362606233,8.529681249193555,-0.4,USD,-0.15,USD,75776W103
REAL,"The RealReal, Inc.",10.26,USD,14362611,3.835839720852911,10.26,USD,,Retail trade,Internet retail,3613194.8666666667,1235948828.5887098,USD,89.9533,120463000,2.157606778985421,-1.0237,USD,9.214260376019855,7.6755778334725715,-0.01,USD,-0.019608,USD,88339P101
REAX,"The Real Brokerage, Inc.",2.04,USD,5714930,0.8792228405661003,2.04,USD,,Commercial services,Miscellaneous commercial services,2961178.8,435536330.74439466,USD,72.06020000000001,213498200,0.239820960332682,-0.0298,USD,61.248374512353706,7.78151260504185,-0.02,USD,0.012,USD,75585H206
REI,"Ring Energy, Inc.",1.61,USD,2896141,0.572610913594788,1.61,USD,,Energy minerals,Integrated oil,4796273.233333333,337148799.3151515,USD,89.8436,209409000,1.140387322407713,-1.2698,USD,-458.5992657441401,6.720940550132895,0.04,USD,0.05,USD,76680V108
RELY,"Remitly Global, Inc.",24.03,USD,12420668,3.085521178106876,24.03,USD,49.27209350010252,Commercial services,Miscellaneous commercial services,3847259.9,5059782977.832823,USD,83.7865,210561080,2.8653412440936665,0.4877,USD,,3.755722014148995,0.23,USD,0.130274,USD,75960P104
REPL,"Replimune Group, Inc.",4.07,USD,14856533,2.7609794896095483,4.07,USD,,Health technology,Biotechnology,9041145.266666668,336070540.491018,USD,92.1814,82572600,,-3.5825,USD,-13.95807487991857,10.258687258687193,-0.77,USD,-0.652857,USD,76029N106
RGEN,Repligen Corporation,123.46,USD,995226,0.8114598753684984,123.46,USD,135.90929106120652,Health technology,Pharmaceuticals: major,1024875.7333333333,6964099317.523848,USD,94.6052,56407700,9.3854530948897,0.9084,USD,,5.261391775242323,0.48,USD,0.453945,USD,759916109
RGTI,"Rigetti Computing, Inc.",18.94,USD,18074728,0.7785328384515053,18.94,USD,,Electronic technology,Computer processing hardware,28912575,6290931918.899673,USD,97.79589999999999,332151000,854.9110270880361,-0.6795,USD,29.47586922677738,6.658960627545421,-0.03,USD,-0.040822,USD,76655K103
RH,RH,133.89,USD,582043,0.7513558583161138,133.89,USD,21.20357906405891,Retail trade,Specialty stores,1443375.1666666667,2521761218.950168,USD,81.3387,18834600,0.765750452808171,6.3145,USD,75.14006767626339,3.9304759770814552,1.53,USD,-2.090477,USD,74967X103
RIG,Transocean Ltd (Switzerland),6.4,USD,31203243,0.7109648979451593,6.4,USD,,Industrial services,Contract drilling,34659123.1,7145223525.445706,USD,90.45110000000001,1116440000,1.675140096618359,-2.9715,USD,-216.45367412140573,4.374107142857117,-0.03,USD,0.038899,USD,
RIOT,"Riot Platforms, Inc.",24.08,USD,17753288,0.758474412746945,24.08,USD,,Technology services,Information technology services,19893198.766666666,9105881478.274576,USD,92.11280000000001,378151000,12.829701366883699,-2.458,USD,-80.44340038173543,4.582730185097271,-1.44,USD,-0.19734,USD,767292105
RIVN,"Rivian Automotive, Inc.",14.22,USD,31509308,1.0863917446757145,14.22,USD,,Consumer durables,Motor vehicles,25895335.3,17924385027.046543,USD,61.057099999999984,1256505200,3.2038386396526786,-2.9194,USD,21.582637191436785,4.638838657825993,-0.546973,USD,-0.667423,USD,76954A103
RJF,"Raymond James Financial, Inc.",154.33,USD,1351242,1.0928955826213327,154.33,USD,14.59109388295358,Finance,Investment managers,1383712.8333333333,30076297182.660004,USD,89.56200000000001,194883000,1.8525322512264542,10.577,USD,1.899843927628668,2.4122890651758344,2.83,USD,2.918879,USD,754730109
RKLB,Rocket Lab Corporation,105.47,USD,78747801,4.286325258665316,105.47,USD,,Electronic technology,Aerospace & defense,24444466.966666665,60726182130.6914,USD,98.63119999999998,575767000,70.00676032531943,-0.3303,USD,19.985465116279073,6.58035460320467,-0.07,USD,-0.053183,USD,773121108
RKT,"Rocket Companies, Inc.",15.69,USD,37217226,2.016385867889207,15.69,USD,265.93220338983053,Finance,Finance/Rental/Leasing,24533448.7,44242901932.8106,USD,96.7426,970936000,4.835248915412444,0.059,USD,,4.612127833925162,0.15,USD,0.184286,USD,77311W101
RLAY,"Relay Therapeutics, Inc.",12.76,USD,1830330,0.5404947612024141,12.76,USD,,Health technology,Biotechnology,3402412.066666667,2444639527.4660273,USD,74.419,191586000,210.725175973588,-1.5651,USD,29.88217373773577,7.525302283923012,-0.41,USD,-0.4039,USD,75943R102
RLX,RLX Technology Inc.,2.1,USD,1138166,0.849440749476603,2.1,USD,20.97902097902098,Producer manufacturing,Industrial conglomerates,1739650.4666666666,2604586302,USD,92.85130000000001,908381353,5.232994956101871,0.1001,USD,68.5185185185185,3.4278911564626076,0.02458912,USD,0.03101429535,USD,74969N103
RMBS,"Rambus, Inc.",129.245,USD,2218190,0.5532151918534592,129.245,USD,61.43407167981747,Electronic technology,Semiconductors,2677409.3666666667,13976162586.581636,USD,99.142,108137000,19.26083241466814,2.1038,USD,10.152363998115096,6.928270228746064,0.63,USD,0.71625,USD,750917106
RNG,"RingCentral, Inc.",45.63,USD,4776952,2.5876899583674042,45.63,USD,48.1684788345825,Technology services,Packaged software,1722752.6,3849584186.5816264,USD,98.3293,74560200,1.550090190143625,0.9473,USD,,6.023637331329629,1.2,USD,1.167517,USD,76680R206
ROKU,"Roku, Inc.",129.53,USD,2043942,0.6076483815997422,129.53,USD,97.4056249060009,Technology services,Packaged software,2735702.6333333333,19116502104.597145,USD,99.2582,131030000,3.852657716569141,1.3298,USD,,4.016967939032277,0.57,USD,0.5851,USD,77543R102
ROL,"Rollins, Inc.",53.83,USD,2330121,0.9394551394760403,53.83,USD,49.182275011420735,Commercial services,Miscellaneous commercial services,2725685.1333333333,25917188181.024452,USD,64.9242,481464000,6.8097377144685165,1.0945,USD,11.094194072269596,2.2255911467317246,0.22,USD,0.338231,USD,775711104
ROLR,"High Roller Technologies, Inc.",7.15,USD,241164,0.21672013587469333,7.15,USD,19.988817444786132,Technology services,Packaged software,3923521.6666666665,77864196.28272252,USD,40.97,10890098,3.169632159585393,0.3577,USD,,18.63026973026973,,,,,42981K100
RPAY,Repay Holdings Corporation,3.54,USD,578906,0.5055197486416645,3.54,USD,,Commercial services,Miscellaneous commercial services,2328759.1666666665,311827766.99140406,USD,77.5062,82801000,0.9208815018386466,-3.058,USD,-1956.4895763281775,7.188054882970165,0.22,USD,0.214372,USD,76029L100
RPD,"Rapid7, Inc.",6.9,USD,2314741,1.069592567630073,6.9,USD,20.069808027923212,Technology services,Information technology services,2148340.966666667,461131278.8226529,USD,96.88939999999998,66830600.00000001,0.522481118394102,0.3438,USD,-13.877755511022045,6.177432712215801,0.36,USD,0.345662,USD,753422104
RR,Richtech Robotics Inc.,2.64,USD,11551128,1.4069273773718525,2.64,USD,,Consumer durables,Electronics/Appliances,8831129.9,590293358.238806,USD,98.9252,183661130,107.38011717933121,-0.135,USD,-17.69834350479513,7.562229437229381,-0.04,USD,-0.045,USD,765504105
RRC,Range Resources Corporation,40.52,USD,2061479,0.7096667719960815,40.52,USD,10.702023136654166,Energy minerals,Oil & gas production,3518836.4,9547413850.64513,USD,98.3805,235622000,3.0072371772419637,3.7862,USD,239.41730165844913,2.9100091665491803,1.52,USD,0.722798,USD,75281A109
RTX,RTX Corporation,176.09,USD,6262461,1.035970938108832,176.09,USD,33.00161175456351,Electronic technology,Aerospace & defense,5071505.066666608,237137469395.18613,USD,99.9211,1346680000,2.66931481747867,5.3358,USD,56.45672061928219,2.6958535813665687,1.78,USD,1.657595,USD,75513E101
RUM,Rumble Inc.,8.32,USD,6595851,2.189628211254764,8.32,USD,,Technology services,Internet software/Services,3001558.2666666666,3621118532.96921,USD,50.16499999999999,215749000,19.355616155839005,-0.3151,USD,80.92730464257612,7.450206043955998,-0.13,USD,-0.09,USD,78137L105
RUN,Sunrun Inc.,14.61,USD,9991340,1.155185195633685,14.61,USD,6.831252630102398,Electronic technology,Semiconductors,8731773.933333334,3485205115.2543473,USD,96.36640000000001,238549000,1.1837517799453705,2.1387,USD,,5.566001760047068,0.62,USD,0.317234,USD,86771W105
RVLV,"Revolve Group, Inc.",20.86,USD,1901955,1.4182414776546743,20.86,USD,23.414524638006508,Retail trade,Internet retail,1026020.6666666666,1492981784.7608697,USD,99.35199999999999,41412400,1.151378531952983,0.8909,USD,26.746336605491543,5.827009998630355,0.2,USD,0.215752,USD,76156B107
RVMD,"Revolution Medicines, Inc.",141.81,USD,2510868,0.7493577970480196,141.81,USD,,Health technology,Pharmaceuticals: other,3751257.466666667,30148303690.49127,USD,87.09330000000001,212596000,,-7.073,USD,-76.93115869521715,4.909990228374034,-2.29,USD,-1.924479,USD,76155X100
RXO,"RXO, Inc.",21.75,USD,3504910,1.4987069098405654,21.75,USD,,Technology services,Packaged software,2033552.5333333334,3582468959.519688,USD,99.226,164711230,0.6815475130798742,-0.622,USD,71.43906694829644,4.863711001642063,-0.09,USD,0.01437,USD,74982T103
RXRX,"Recursion Pharmaceuticals, Inc.",3.32,USD,13527363,1.122246357849548,3.32,USD,,Health technology,Biotechnology,12030737.2,1753341844.6727827,USD,89.4031,521951000,26.063486743765885,-1.2021,USD,32.352279122115924,5.84165232358023,-0.22,USD,-0.2375,USD,75629V104
RXT,"Rackspace Technology, Inc.",5.49,USD,150795768,5.957767778429582,5.49,USD,,Technology services,Data processing services,17774905.4,1355560123.065341,USD,39.7592,246914000,0.3257278387192425,-0.612,USD,52.499223843526856,8.214285714285674,-0.06,USD,-0.114944,USD,750102105
RYDE,Ryde Group Ltd.,1.03,USD,302484,0.6559013645638405,1.03,USD,,Technology services,Internet software/Services,1203503.3666666667,125291074.05309735,USD,88.5561,108964650,6.927015238516946,-0.3027,USD,39.30218568277521,17.073509015256615,-0.015544,USD,,,G7733R102
RZLT,"Rezolute, Inc.",3.21,USD,709694,0.4556324693748769,3.21,USD,,Health technology,Pharmaceuticals: major,1478307.0333333334,307189560.9029127,USD,87.20400000000001,95697700,,-0.9237,USD,24.336500655308004,6.813306631063555,-0.22,USD,-0.1808,USD,76200L309
RZLV,Rezolve AI PLC,2.4,USD,15825735,1.2551102424151281,2.4,USD,,Technology services,Packaged software,19463116.666666668,957186297.2384937,USD,58.6905,398827580,17.021380317341126,-0.3784,USD,-143.5006435006435,6.248809523809462,-0.13,USD,-0.126,USD,
S,"SentinelOne, Inc.",16.59,USD,8196632,1.2460114290995723,16.59,USD,,Technology services,Packaged software,7383768.1,5645187464.298995,USD,94.7022,333976000,5.323912074608644,-1.3628,USD,-48.90734265734265,3.7078704899681356,0.07,USD,0.022852,USD,81730H109
SABR,Sabre Corporation,2.06,USD,10925685,2.234935474656623,2.06,USD,1.9059955588453,Technology services,Packaged software,4757895.966666667,814056676.5603865,USD,80.11580000000002,395173000,0.29088167149314853,1.0808,USD,,6.707004160887646,0.06,USD,-0.04,USD,78573M104
SAIL,"SailPoint, Inc.",12.23,USD,3477901,1.3860842269008744,12.23,USD,,Technology services,Packaged software,3020957.966666667,6895316161.896636,USD,10.5096,563803400,6.3928848365154085,-0.5272,USD,55.675130317807294,5.181287232800082,0.08,USD,0.044232,USD,78781J109
SANA,"Sana Biotechnology, Inc.",3.51,USD,1632159,0.6366238600930684,3.51,USD,,Health technology,Biotechnology,3237717.6333333333,936702864.1285713,USD,62.193999999999996,266867000.00000003,,-0.9764,USD,16.64674748164589,6.143671143671293,-0.21,USD,-0.161889,USD,799566104
SARO,"StandardAero, Inc.",25.14,USD,8306384,1.9237510456988796,25.14,USD,28.529278256922378,Transportation,Other transportation,3975392.966666667,8362942286.254322,USD,74.2507,332654820,1.3875505877883174,0.8812,USD,318.2249644043664,3.8882259347653534,0.24,USD,0.33026,USD,85423L103
SATL,Satellogic Inc.,7.57,USD,11092844,1.7325912351048631,7.57,USD,,Electronic technology,Aerospace & defense,10983826.666666666,1082953885.589124,USD,69.872,132476000,50.716346025865576,-0.3456,USD,2.921348314606732,9.158992262691076,0.055,USD,-0.042,USD,80401C100
SATS,EchoStar Corporation,127.15,USD,3043429,0.659600908625512,127.15,USD,,Communications,Specialty telecommunications,5558474.633333334,36849041803.654785,USD,82.3612,158459000,2.360270472114309,-50.3231,USD,-9888.705835649067,4.575338464131293,-4.27,USD,-0.478284,USD,278768106
SBET,"Sharplink, Inc.",7.44,USD,6068972,0.9460321181646175,7.44,USD,,Commercial services,Advertising/Marketing services,7709817.33333335,1466861534.9154363,USD,90.5758,197159000,52.232942625136815,-9.2186,USD,35.148786493141046,4.670890937019822,-3.495,USD,-0.62,USD,820014405
SBLK,Star Bulk Carriers Corp.,26.83,USD,1004021,0.8708188127622593,26.83,USD,36.3550135501355,Transportation,Marine shipping,1033637.1333333333,3054526824.8071613,USD,72.3324,113847000,2.9310868258985376,0.738,USD,-74.21834061135371,2.5129119855172894,0.65,USD,0.489996,USD,Y8162K204
SBUX,Starbucks Corporation,104.93,USD,4533359,0.4881082641544279,104.93,USD,80.0870096168524,Consumer services,Restaurants,7506437.433333334,119588718326.93192,USD,99.7828,1139700000,3.099637010472552,1.3102,USD,-52.37541347097525,2.3150195368337885,0.5,USD,0.651879,USD,855244109
SCCO,Southern Copper Corporation,185.29,USD,1082410,0.7905933120104943,185.29,USD,31.073806369384023,Non-energy minerals,Other metals/Minerals,1395689.5333333323,153061589887.35382,USD,9.495000000000013,826065000,10.139731124780914,5.9629,USD,36.79199834828292,3.4883850026599466,1.92,USD,1.718717,USD,84265V105
SCHW,Charles Schwab Corporation (The),88.61,USD,9946693,1.0670587238873246,88.61,USD,17.56601379747839,Finance,Investment banks/Brokers,11028016.333333334,154012995570.2965,USD,94.12180000000001,1738100000,5.535887025595755,5.0444,USD,53.34853321173433,2.416770116239727,1.43,USD,1.467968,USD,808513105
SDGR,"Schrodinger, Inc.",13.13,USD,1775819,1.1874508688933998,13.13,USD,,Technology services,Packaged software,1442398.4333333333,969323503.677711,USD,96.24549999999999,64660900,3.8546742486808827,-1.4035,USD,46.788747346072185,5.515177891415498,-0.81,USD,-0.478282,USD,80810D103
SE,Sea Limited,86.73,USD,3986606,1.2395554720604818,86.73,USD,33.744455684382544,Retail trade,Internet retail,3515912,54162068279,USD,99.2224,565506375,2.471292467555705,2.5702,USD,243.10505940461886,3.4604931561000813,0.851,USD,0.745579,USD,81141R100
SEDG,"SolarEdge Technologies, Inc.",41.3,USD,3825016,0.9734543048208869,41.3,USD,,Producer manufacturing,Electrical products,3712068.466666667,2511780478.7283087,USD,97.5519,60817900,1.831936544930673,-6.1323,USD,79.65239550463373,8.584745762711789,-0.43,USD,-0.01439,USD,83417M104
SEI,"Solaris Energy Infrastructure, Inc.",72.96,USD,1659451,0.5736979765546792,72.96,USD,88.0096501809409,Technology services,Information technology services,2389966.5,5365623636.031203,USD,73.019,58402300,7.570746559429688,0.829,USD,67.71191584058262,7.211123511904748,0.298958,USD,0.369274,USD,83418M103
SERV,Serve Robotics Inc.,8.77,USD,5525067,1.7378748448356083,8.77,USD,,Producer manufacturing,Industrial machinery,3428824.533333333,663802871.6534653,USD,87.5115,75690180,253.10996348810954,-1.5997,USD,-54.47083816145227,6.477032089916995,-0.65,USD,-0.5875,USD,81758H106
SFM,"Sprouts Farmers Market, Inc.",82.83,USD,2916493,1.1987274592765638,82.83,USD,15.915990930402366,Retail trade,Food retail,1987285.5,7789689896.592642,USD,99.28440000000002,94044300,0.8701456483058246,5.2042,USD,17.164212706560413,4.187225125472102,1.71,USD,1.343333,USD,85208M102
SG,"Sweetgreen, Inc.",7,USD,9353341,2.47108900882614,7,USD,54.6875,Consumer services,Restaurants,4299868.8,831571832.8966521,USD,92.78209999999999,106902420,1.2242062711819193,0.128,USD,,6.464285714285621,1.062809,USD,-0.12996,USD,87043Q108
SGHC,Super Group (SGHC) Limited,13.08,USD,2921648,0.9156363237266538,13.08,USD,30.411532201813532,Consumer services,Casinos/Gaming,3310220.2,6645644448.194295,USD,30.532700000000002,508077000,2.940875766772747,0.4301,USD,77.65386204047913,4.016491917868077,0.13,USD,0.174265,USD,
SGML,Sigma Lithium Corporation,21.71,USD,4489725,1.645931486563299,21.71,USD,,Non-energy minerals,Other metals/Minerals,4489117.733333333,2418558744.0444446,USD,95.84829999999998,111403000,23.28327047204485,-0.45388705999999995,USD,-3.2351647873759966,8.090675791274652,-0.23,USD,0.136667,USD,826599102
SGMT,Sagimet Biosciences Inc. - Series A,7.71,USD,962322,0.15064635011556046,7.71,USD,,Health technology,Pharmaceuticals: major,2405078.466666667,471731028.68717283,USD,84.66350000000001,61184315,,-1.5789,USD,-9.59255917262441,9.930702241986257,-0.29,USD,-0.370909,USD,786700104
SHAK,"Shake Shack, Inc.",70.14,USD,4990449,1.9172338165160252,70.14,USD,71.26600284495022,Consumer services,Restaurants,1709009.3666666667,2994171995.772963,USD,95.18609999999998,40257700,1.8707841021496923,0.9842,USD,242.56874347372084,5.878508289543297,-0.00147,USD,0.405241,USD,819047101
SHLS,"Shoals Technologies Group, Inc.",8.84,USD,8524463,1.6864444826179732,8.84,USD,44.377510040160644,Electronic technology,Semiconductors,5600477.066666666,1483102918.341837,USD,98.9425,167772000,2.452969131341654,0.1992,USD,76.28318584070794,6.898674854557233,0.07,USD,0.098091,USD,82489W107
SHOP,Shopify Inc.,110.41,USD,14389298,1.0614641243289333,110.41,USD,108.27523167310343,Commercial services,Miscellaneous commercial services,9922357.366666667,143986937170.83304,USD,99.7197,1226037700,11.6439930651347,1.019716128,USD,-13.11099438612342,4.780875179525661,0.35246203272,USD,0.39637868519999997,USD,82509L107
SIDU,"Sidus Space, Inc.",3.41,USD,22815664,1.7608752395037062,3.41,USD,,Electronic technology,Telecommunications equipment,26288059.73333333,268131864.89491525,USD,99.6946,78531044,32.08745281739826,-1.211,USD,67.48993288590604,11.970465018852106,,,,,826165201
SIRI,SiriusXM Holdings Inc.,27.1,USD,2821253,0.44641417650102083,27.1,USD,11.26444425970571,Consumer services,Broadcasting,5560061.600000001,9122400213.932713,USD,96.4647,336620000,1.053665074000701,2.4058,USD,,4.217185028993197,0.72,USD,0.779342,USD,829933100
SKLZ,Skillz Inc.,6.67,USD,413414,0.12914889666873047,6.67,USD,,Technology services,Data processing services,2241030.3,104055704.1632948,USD,69.49499999999999,12170500,1.1047987011943048,-4.4217,USD,-63.03001253594868,35.24887556221884,-1.07,USD,-0.69015,USD,83067L208
SKYT,"SkyWater Technology, Inc.",33.72,USD,706900,0.6325568010325646,33.72,USD,13.8668421269071,Producer manufacturing,Industrial machinery,1135484.8,1657569143.1542647,USD,73.18470000000002,49156900,3.631934183742706,2.4317,USD,,3.7214667005592332,-0.03,USD,-0.093167,USD,83089J108
SKYX,SKYX Platforms Corp.,1.36,USD,2655910,1.1602431822809485,1.36,USD,,Producer manufacturing,Electrical products,1607368.3666666667,181262338.84931508,USD,66.3601,133281000,1.810463511459976,-0.3169,USD,11.727019498607234,8.418592436974807,-0.08,USD,-0.062857,USD,78471E105
SLB,SLB Limited,53.27,USD,10290370,0.7466051871131378,53.27,USD,23.357888275015345,Industrial services,Contract drilling,14913283.066666666,79641719267.64095,USD,99.6159,1495060000,2.236318061551316,2.2806,USD,-22.62595419847327,2.876813537504154,0.52,USD,0.524377,USD,
SLDE,"Slide Insurance Holdings, Inc.",18.46,USD,850633,0.43285867280074747,18.46,USD,5.124361536753276,Technology services,Packaged software,1708312.5666666667,2114763705.5972443,USD,60.470400000000005,114559240,2.0397562183936246,3.6024,USD,,3.9603002631171287,1.02,USD,0.791167,USD,831349105
SLDP,"Solid Power, Inc.",3.075,USD,7524582,1.005979190649128,3.075,USD,,Producer manufacturing,Electrical products,7221400.033333333,691824859.5976028,USD,90.7209,224984000,33.74360851308233,-0.4816,USD,4.501288915328177,9.32636469221842,-0.06,USD,-0.115,USD,83422N105
SLM,SLM Corporation,22.47,USD,1885207,0.5635820895879262,22.47,USD,6.243054012002666,Finance,Finance/Rental/Leasing,3366338.4999999763,4237455357.341571,USD,98.19350000000001,188583000,1.446787918329202,3.5992,USD,29.626161492472807,3.645495581410056,1.54,USD,0.486395,USD,78442P106
SLNH,"Soluna Holdings, Inc.",1.83,USD,53942735,2.032792189583857,1.83,USD,,Electronic technology,Electronic equipment/Instruments,18564328.4,207122483.30921054,USD,68.91499999999999,113182000,5.244556982097182,-2.8795,USD,74.20819748486261,14.962919594067102,,,,,583543301
SLQT,"SelectQuote, Inc.",1.12,USD,1517443,0.3658150485836303,1.12,USD,91.8032786885246,Finance,Multi-line insurance,1997470.1333333333,197509509.47368422,USD,77.83770000000001,176348000,0.13225043667643563,0.0122,USD,,11.304317602040655,0.11,USD,-0.1475,USD,816307300
SLS,"SELLAS Life Sciences Group, Inc.",5.01,USD,3385251,0.815944872922333,5.01,USD,,Health technology,Pharmaceuticals: major,4796026.566666666,899708696.9391481,USD,98.73289999999999,179583000,,-0.2459,USD,54.31915288872376,5.050327915597323,-0.05,USD,-0.06,USD,81642T209
SM,SM Energy Company,29.44,USD,4480753,1.077701900217534,29.44,USD,12.436633997972288,Energy minerals,Integrated oil,4913690.666666667,7058001557.24536,USD,99.2044,239742000,1.5285332004411216,2.3672,USD,-66.80549128489898,3.990392080745632,1.55,USD,1.886408,USD,78454L100
SMCI,"Super Micro Computer, Inc.",35.37,USD,50146828,1.1497081375856253,35.37,USD,18.698456333262847,Electronic technology,Computer processing hardware,36052223.13333333,21186255852.310528,USD,86.0223,598989000,0.6905416002501589,1.8916,USD,4.404459653383368,5.046690092491631,0.84,USD,0.708418,USD,86800U302
SMMT,Summit Therapeutics Inc.,18.08,USD,3868859,0.6908747723748949,18.08,USD,,Health technology,Biotechnology,4344207.166666667,14033019453.77959,USD,17.2701,775373000,,-1.6038,USD,-384.67815049864004,9.198403919089834,-0.24,USD,-0.274778,USD,86627T108
SMR,NuScale Power Corporation,12.55,USD,37158487,1.2610622930340625,12.55,USD,,Producer manufacturing,Electrical products,34404426.9,4306024222.0071535,USD,96.60990000000001,323734000,215.43660708125765,-2.2802,USD,-66.79101748226171,9.114741035856449,-0.14,USD,-0.138554,USD,67079K100
SMTC,Semtech Corporation,121.81,USD,1441808,0.5776305651970342,121.81,USD,,Electronic technology,Semiconductors,2506873.1,11342277482.604692,USD,99.44079999999998,93114500,10.714938763071157,-0.4506,USD,82.90202625787356,5.498305323278716,0.44,USD,0.452577,USD,816850101
SNAP,Snap Inc.,6.08,USD,39633949,0.8425228347971239,6.08,USD,,Technology services,Packaged software,59868797.9,10268828483.317726,USD,76.27440000000001,1434800000,1.6552586910886462,-0.2442,USD,23.75897596003746,5.022203947368388,-0.05,USD,-0.113101,USD,83304A106
SNBR,Sleep Number Corporation,2.85,USD,617938,0.09298026798368023,2.85,USD,,Consumer durables,Home furnishings,3815654.566666667,65666882.920792095,USD,80.8813,23041000,0.04907421446030678,-5.7651,USD,-540.4243501444124,16.824561403508813,-2.55,USD,-0.392032,USD,83125X103
SNDK,Sandisk Corporation,1562.34,USD,20226240,1.2317326745283927,1562.34,USD,54.309958250918584,Electronic technology,Computer peripherals,16729407.266666668,231366560542.89484,USD,93.9784,148089750,15.956744538834958,28.7671,USD,,5.385541650893618,23.41,USD,32.820278,USD,80004C200
SNDL,SNDL Inc.,1.435,USD,2467460,0.8880290093459244,1.435,USD,,Process industries,Agricultural commodities/Milling,2474694.6,371952029.6896552,USD,97.58460000000001,259200000,0.5588214867365198,-0.0318,USD,89.0909090909091,6.502737680437609,-0.0287568,USD,-0.0036580000000000002,USD,83307B101
SNOW,Snowflake Inc.,152.45,USD,7264311,0.9575049827604417,152.45,USD,,Technology services,Packaged software,7882606.033333333,52701967279.014435,USD,96.6081,345700000,11.233602479618707,-3.9518,USD,-2.261670634509889,4.256093332708607,0.32,USD,0.320397,USD,833445109
SNPS,"Synopsys, Inc.",516.48,USD,1732433,1.0187785346204918,516.48,USD,79.81579069372113,Technology services,Packaged software,1676095.8,98937956171.0178,USD,95.55,191562000,12.042898439126485,6.4709,USD,-52.15246968352558,2.8917853270490745,3.77,USD,3.151214,USD,871607107
SOC,Sable Offshore Corp.,12.85,USD,2165411,0.830726281415826,12.85,USD,,Energy minerals,Integrated oil,3637617.6666666665,1983563249.9766173,USD,84.92269999999999,154363000,,-4.2396,USD,58.561640488315035,6.844469149527313,-1.06,USD,0.67,USD,78574H104
SOFI,"SoFi Technologies, Inc.",15.75,USD,54761008,0.7149575180219376,15.75,USD,35.72238602857791,Finance,Finance/Rental/Leasing,62198308.833333336,20085406677,USD,98.19489999999999,1275260000,4.288587251669279,0.4409,USD,4.7766159695817505,4.494648526077046,0.12,USD,0.114996,USD,83406F102
SOLS,Solstice Advanced Materials Inc.,78.25,USD,2062997,0.94957225459068,78.25,USD,,Process industries,Chemicals: major diversified,1940238.8666666667,12426433706.664738,USD,99.7557,158804280,,,,,4.684144226380652,0.53,USD,0.754325,USD,83443Q103
SOUN,"SoundHound AI, Inc.",8.88,USD,48925487,1.4140528108857369,8.88,USD,,Technology services,Packaged software,29126361.3,3784745379.090343,USD,97.6146,393674650,22.060283521626623,-0.65,USD,-18.095930232558143,7.021074646074574,-0.06,USD,-0.107143,USD,836100107
SPCE,"Virgin Galactic Holdings, Inc.",2.94,USD,16208754,2.53956403598737,2.94,USD,,Electronic technology,Aerospace & defense,9859202.366666667,239343481.38645416,USD,99.05420000000001,81409300,104.41860103626928,-5.9217,USD,59.58132264912053,6.488824101068917,-0.98,USD,-0.862857,USD,92766K403
SPIR,"Spire Global, Inc.",18.49,USD,1446841,1.1524414251285169,18.49,USD,11.719591810863914,Technology services,Packaged software,2211857.966666667,647835822.052664,USD,82.4258,33529800,7.414392942853563,1.5777,USD,,8.696476860078787,-0.39,USD,-0.486667,USD,848560306
SPOT,Spotify Technology S.A.,417.83,USD,1801714,0.5598191838790231,417.83,USD,33.28474014593888,Technology services,Internet software/Services,2050089.1333333333,86003006537.86945,USD,73.046,205833000,4.401769357557489,12.5532,USD,106.90951046645789,4.395030788324792,3.9860265000000004,USD,3.2341794207,USD,
SPRY,"ARS Pharmaceuticals, Inc.",8.74,USD,1271936,0.7260376953536387,8.74,USD,,Health technology,Pharmaceuticals: major,1610760.5666666667,867858421.4222221,USD,63.05900000000001,99297300,10.577833521536578,-1.7373,USD,-2365.058670143416,5.59006211180121,-0.41,USD,-0.488333,USD,82835W108
SPT,"Sprout Social, Inc",7.4,USD,4669845,4.092884927569308,7.4,USD,,Technology services,Packaged software,1486158.7666666666,444614551.50000006,USD,95.9983,54253700,0.8647143195921272,-0.6517,USD,37.408759124087595,5.052027027027351,0.23,USD,0.169091,USD,85209W109
SRAD,Sportradar Group AG,13.04,USD,2737964,0.49094259078903923,13.04,USD,52.45374094931617,Technology services,Packaged software,4548663.166666667,4065316068.662756,USD,85.13579999999999,217450448,2.6422581698377754,0.2486,USD,20.44573643410852,9.71176599474118,-0.0231074,USD,0.07550011379999999,USD,
SRFM,Surf Air Mobility Inc.,1.35,USD,3658940,0.8288157903708148,1.35,USD,,Transportation,Airlines,4637655,134319021.971831,USD,71.598,99495575,0.9739057546665175,-3.5777,USD,45.13823930811341,8.783068783068698,-1.05063,USD,-0.34,USD,868927203
SRPT,"Sarepta Therapeutics, Inc.",19.955,USD,4059214,1.4597749979222947,19.955,USD,,Health technology,Pharmaceuticals: major,2751045.433333333,2106773346.3406248,USD,94.7255,105576000,1.1610069481325727,-0.9641,USD,62.59263570403135,5.7407738840965425,2.88,USD,0.225148,USD,803607100
SRRK,Scholar Rock Holding Corporation,48.39,USD,1048978,0.8310285473403479,48.39,USD,,Health technology,Biotechnology,1510338.2666666666,5559193048.568138,USD,80.4355,114883000,,-3.5865,USD,-35.58521094813247,4.2643846131137755,-0.83,USD,-0.835504,USD,80706P103
SSRM,SSR Mining Inc.,34.2,USD,2690860,0.7890844847596722,34.2,USD,32.81235828083414,Non-energy minerals,Precious metals,3672066.7,7096194838.832214,USD,98.69749999999999,207491000,3.5111528386253363,1.042290216,USD,165.72958127018964,3.9227107351712394,1.1257546712400002,USD,0.8176976144,USD,784730103
SST,"System1, Inc.",3.92,USD,517307,0.20094776295104014,3.92,USD,,Technology services,Packaged software,6840721.7,38794268.99999999,USD,51.1682,8083500.000000001,0.11913380353137017,-8.3342,USD,21.729167253636874,16.20153061224484,,,-2.14,USD,87200P208
STAA,STAAR Surgical Company,26.69,USD,445960,0.603262835432723,26.69,USD,,Health technology,Medical specialties,1054810.2333333334,1321495296.5216277,USD,99.20100000000001,49512700,5.669006439972939,-1.6303,USD,-293.6021245774988,4.007894877696213,-0.2,USD,0.027938,USD,852312305
STGW,Stagwell Inc.,6.47,USD,1312375,0.8848048922201622,6.47,USD,90.11142061281336,Commercial services,Miscellaneous commercial services,1365707.7,1603617685.5634673,USD,43.3556,247854000,0.549218257814985,0.0718,USD,1307.843137254902,4.749061603002861,0.17,USD,0.188529,USD,85256A109
STIM,"Neuronetics, Inc.",1.655,USD,2974612,1.3095624306694358,1.655,USD,,Health technology,Medical specialties,2361247.6,115167885.45380434,USD,37.029199999999996,69587800,0.8444153103484654,-0.5465,USD,58.14505629164434,12.157099697885213,-0.16,USD,-0.121067,USD,64131A105
STLD,"Steel Dynamics, Inc.",235.1,USD,895611,0.8773946206260245,235.1,USD,25.18316980161961,Non-energy minerals,Steel,1133618.1333333333,33904425208.244026,USD,93.20850000000002,144213000,1.7803352050394536,9.3356,USD,23.396999537373596,2.9986388770735517,2.78,USD,4.002672,USD,858119100
STNE,StoneCo Ltd.,10.77,USD,4513596,0.7459758323184466,10.77,USD,7.066465455022636,Commercial services,Miscellaneous commercial services,5475027.033333333,2917142463.779891,USD,93.8161,254617000,4.366061994224251,1.5241,USD,,4.254543042843996,0.5226270000000001,USD,0.42936019280000004,USD,G85158106
STNG,Scorpio Tankers Inc.,84.41,USD,2689104,2.3618780745386565,84.41,USD,8.294600304623396,Transportation,Marine shipping,1176635.2,4369297287.191995,USD,86.7092,51762800,4.085139983733448,10.1765,USD,0.2235616222498019,3.4984345118214044,3.02,USD,5.593315,USD,Y7542C130
STUB,"StubHub Holdings, Inc.",7.71,USD,2790487,0.9292145035658793,7.71,USD,,Technology services,Internet software/Services,3477697.066666667,2750343000.985658,USD,71.8701,331974120,1.5209603873450874,-5.7613,USD,-7202.027883396706,5.1297943301834525,-1.56,USD,0.010356,USD,86384P109
STX,Seagate Technology Holdings PLC,782.64,USD,4850043,0.8171124059560396,782.64,USD,74.28951115329852,Electronic technology,Computer peripherals,4375028.133333334,175490576233.65146,USD,99.60629999999999,224229000,15.94139509536786,10.535,USD,52.226685547495876,4.567680268979749,4.1,USD,5.053711,USD,
SUNB,"Sunbelt Rentals Holdings, Inc.",73.21,USD,1659922,0.7152631839756282,73.21,USD,,Finance,Finance/Rental/Leasing,2325908.2333333334,30257679457.19828,USD,99.6332,413299800,,,,,3.774855113470051,0.78,USD,0.757023,USD,866966104
SW,Smurfit WestRock plc,41.55,USD,5044814,0.7898735634320112,41.55,USD,57.90133779264214,Process industries,Containers/Packaging,5345227.166666665,21723600447.146286,USD,99.4502,524464050.00000006,0.7010526652749889,0.7176,USD,-41.26217565687157,3.673714973353954,0.33,USD,0.447287,USD,
SWKS,"Skyworks Solutions, Inc.",66.78,USD,5142254,0.9865097522185252,66.78,USD,27.764842840512227,Electronic technology,Semiconductors,3762912.2333333334,10044111174.780443,USD,99.5865,150406000,2.4219330910169847,2.4052,USD,-6.057883841737297,4.288784067085941,1.15,USD,1.031715,USD,83088M102
SWMR,"Swarmer, Inc",27.14,USD,334291,0.9102154352515263,27.14,USD,,Technology services,Packaged software,1295493.2666666666,347353434.06000006,USD,45.1218,12798579,,,,,11.148673544583701,,,,,86989Y109
SYM,Symbotic Inc.,52.29,USD,2905567,1.6954908045304944,52.29,USD,,Producer manufacturing,Industrial machinery,1483377.5,31439508634.936207,USD,51.344899999999996,125753000,3.0123488286533093,-0.0516,USD,24.78134110787171,7.060008742452798,0.085525,USD,0.127984,USD,87151X101
SYRE,"Spyre Therapeutics, Inc.",75.045,USD,840579,0.74185933339017,75.045,USD,,Health technology,Pharmaceuticals: major,1313280.1,6517001286.975103,USD,86.7434,86841300,,-2.3577,USD,22.313750041187518,5.59217802651743,-0.74,USD,-0.716238,USD,00773J202
T,AT&T Inc.,25.16,USD,35919258,1.1303040301530054,25.16,USD,8.440120764844012,Communications,Wireless telecommunications,36898989.59999999,174820207482.9834,USD,99.83890000000001,6948340000,1.4028675075872516,2.981,USD,83.06312945222302,2.1916874858050135,0.57,USD,0.587588,USD,00206R102
TAL,TAL Education Group,11.09,USD,3530371,0.9696602931065662,11.09,USD,11.815469848710846,Commercial services,Miscellaneous commercial services,3576950.5,6903431168,USD,99.82659999999993,458101881.01881,2.1139858669713907,0.9386,USD,581.132075471698,3.53278371763509,0.45,USD,0.124217,USD,874080104
TBLA,Taboola.com Ltd.,5.25,USD,4835495,1.4659455983403131,5.25,USD,13.959053443233183,Technology services,Internet software/Services,2126472.8666666667,1457391800.527831,USD,47.1736,247559000,0.771146303292536,0.3761,USD,887.1391076115484,3.978639455782356,0.2,USD,0.043333,USD,
TDC,Teradata Corporation,31.59,USD,2516027,0.8805319896008748,31.59,USD,7.2382741791352565,Technology services,Packaged software,2078551.7,2972618867.7975025,USD,96.5533,94100000,1.694646536412082,4.3643,USD,207.73515724157386,4.786777008999225,0.88,USD,0.554844,USD,88076W103
TDOC,"Teladoc Health, Inc.",7.25,USD,6492976,1.0467137684767305,7.25,USD,,Health services,Medical/Nursing services,5171775.833333333,1308719923.958333,USD,98.2991,180513000,0.49588125431177105,-0.9632,USD,83.75470138806902,5.03931034482748,-0.36,USD,-0.247043,USD,87918A105
TDUP,ThredUp Inc.,4.82,USD,3399474,1.0597918595890214,4.82,USD,,Retail trade,Internet retail,2770720.4,621978189.1910568,USD,94.1287,108372000,1.9559570725389408,-0.1723,USD,70.25207182320442,5.52800829875522,-0.05,USD,-0.02697,USD,88556E102
TE,T1 Energy Inc.,6.16,USD,18186869,1.6694487034393535,6.16,USD,,Producer manufacturing,Electrical products,17273189.7,1719081052.4116504,USD,72.3771,279072000,1.4891528475452036,-2.0651,USD,35.088325894260386,7.0012755102040884,-0.7,USD,-0.090833,USD,35834F104
TEAM,Atlassian Corporation,91.6,USD,12625034,1.233694282155588,91.6,USD,,Technology services,Packaged software,8851750.9,23245137018.040485,USD,98.81479999999999,159634000,3.894123493574129,-0.8268,USD,49.81487101669196,5.392124142233606,1.75,USD,1.4841,USD,049468101
TECH,Bio-Techne Corp,48.36,USD,3849939,1.1400815861232165,48.36,USD,69.46279804653835,Health technology,Biotechnology,2531563.966666667,7571665022.149677,USD,99.63780000000001,156569000,6.618197827736945,0.6962,USD,-15.138956606533396,7.375930521091695,0.53,USD,0.522708,USD,09073M104
TEM,"Tempus AI, Inc.",49.86,USD,11591263,2.0703301134426213,49.86,USD,,Technology services,Packaged software,5845442.866666666,8945114254.024256,USD,60.361,174360820,6.489925786266795,-1.7182,USD,62.63320429733375,6.35654117242571,-0.13,USD,-0.145,USD,88023B103
TENB,"Tenable Holdings, Inc.",21.83,USD,3750722,0.9622895887404133,21.83,USD,,Technology services,Packaged software,3600277.6333333333,2407237431.637883,USD,97.7508,110272000,2.4797023063093384,-0.0972,USD,74.14893617021276,5.326451148484964,0.47,USD,0.469629,USD,88025T102
TER,"Teradyne, Inc.",359.77,USD,3445643,0.6737043675641048,359.77,USD,66.58708125115676,Electronic technology,Electronic production equipment,3535014.066666667,56319170586.14749,USD,99.1094,156542000,14.746678449113071,5.403,USD,52.929521652986125,5.815652063421536,2.56,USD,2.046128,USD,880770102
TGT,Target Corporation,125.25,USD,3798981,0.8461954270826925,125.25,USD,15.398328005901154,Retail trade,Specialty stores,4714692.2,56720161513.00645,USD,99.6971,452856000,0.5467454476045057,8.134,USD,-8.183767919629751,2.5009238665525557,2.44,USD,1.371155,USD,87612E106
TGTX,"TG Therapeutics, Inc.",42.86,USD,3725699,1.473053593434094,42.86,USD,14.936400069698553,Health technology,Pharmaceuticals: major,2124905.5,6561162145.658571,USD,92.76929999999999,153084000,9.833213977816769,2.8695,USD,1076.0245901639344,4.469702019865247,0.12,USD,0.34,USD,88322Q108
TIGO,Millicom International Cellular S.A.,80.43,USD,1721070,1.6914440197060447,80.43,USD,10.265213395956708,Communications,Wireless telecommunications,1340077.4,13475309159.723478,USD,51.27310000000001,167541000,2.318242265371446,7.8352,USD,436.6207793986714,2.833732970995207,1.5,USD,1.356134,USD,
TIGR,UP Fintech Holding Limited,6.46,USD,3154167,1.5510853703364482,6.46,USD,7.038570494661147,Finance,Investment banks/Brokers,2322413.1666666665,1143420396,USD,99.9034,171318434.666667,1.969046796237349,0.9178,USD,157.37521031968592,4.184984520123847,0.264,USD,0.232022,USD,91531W106
TLRY,"Tilray Brands, Inc.",5.56,USD,4297305,0.7510949048635492,5.56,USD,,Process industries,Agricultural commodities/Milling,6372334.433333334,664999473.8091872,USD,99.2524,119604000,0.743053979711552,-13.6608,USD,-29.79505743522503,9.573612538540596,-0.223944,USD,-0.00796,USD,88688T209
TMC,TMC the metals company Inc.,5.7,USD,5101977,0.9441360402907707,5.7,USD,,Non-energy minerals,Other metals/Minerals,5558286.233333333,2469172668,USD,46.744299999999996,433188000,,-0.8129,USD,-218.78431372549016,6.865914786967424,-0.08,USD,-0.05,USD,87261Y106
TMDE,TMD Energy Limited,1.02,USD,186903,0.42193931846944815,1.02,USD,,Distribution services,Wholesale distributors,4462875,24036299.02857143,USD,,,,,,,9.695378151260522,,,,,G88953107
TMDX,"TransMedics Group, Inc.",67.84,USD,2694410,1.3354161465704977,67.84,USD,15.570346568739959,Health technology,Medical specialties,1291676.6,2344612134.4,USD,96.58539999999999,34560900,4.149372181823904,4.357,USD,220.22637071880052,7.8340949292450945,0.3,USD,0.599282,USD,89377M109
TMUS,"T-Mobile US, Inc.",193.63,USD,3871076,0.608651460815015,193.63,USD,20.59389723790987,Communications,Wireless telecommunications,6151094.86666667,209547295074.90286,USD,44.455600000000004,1082200000,2.364064292203689,9.4023,USD,-8.355183001120901,2.926760168509929,2.27,USD,2.60369,USD,872590104
TNDM,"Tandem Diabetes Care, Inc.",15.48,USD,7527409,3.9591074351963464,15.48,USD,,Health technology,Medical specialties,1920245.9333333333,1060445507.974012,USD,92.5585,68504200,1.22943876418928,-1.4012,USD,49.662307802845234,9.27925433739401,-0.298156,USD,-0.312194,USD,875372203
TNGX,"Tango Therapeutics, Inc.",23.02,USD,1467445,0.426506176912848,23.02,USD,,Health technology,Biotechnology,2914808.066666667,3320456847.945486,USD,72.56049999999999,144242000,49.5279913856117,-0.8643,USD,28.0828756864703,7.7137892515824955,-0.29,USD,-0.3137,USD,87583X109
TNYA,"Tenaya Therapeutics, Inc.",1,USD,10114071,2.7126108484254443,1,USD,,Health technology,Pharmaceuticals: major,3454620.3,216998869.6369637,USD,74.78410000000001,216999000,817.7941170560024,-0.4713,USD,59.41617153190389,6.128492857142909,-0.09,USD,-0.064286,USD,87990A106
TOI,"The Oncology Institute, Inc.",4,USD,2442899,1.919795592649213,4,USD,,Health services,Medical/Nursing services,1433865.0333333334,395356583.7837838,USD,57.450900000000004,98839100,0.8213743465763866,-0.5632,USD,20.339462517680328,5.689285714285697,-0.02,USD,-0.06,USD,68236X100
TOL,"Toll Brothers, Inc.",137.89,USD,743376,0.8084329434118823,137.89,USD,9.851326346171707,Consumer durables,Homebuilding,1032373,13059147982.564445,USD,99.1404,94707000,1.1756399089007283,13.9971,USD,-3.6596277738010072,2.8974389523739217,2.19,USD,2.569895,USD,889478103
TOST,"Toast, Inc.",25.05,USD,34825792,3.5368089860792837,25.05,USD,38.07569539443684,Technology services,Packaged software,10213166.8,14754449578.805311,USD,92.1644,524000000,2.74383493639466,0.6579,USD,180.55437100213223,4.40989449672069,0.283057,USD,0.3227,USD,888787108
TPR,"Tapestry, Inc.",133.48,USD,4297282,1.9168411389116367,133.48,USD,42.88376277067403,Retail trade,Apparel/Footwear retail,1939856.2333333334,27024924722.319637,USD,99.497,202464000,3.462999439547561,3.1126,USD,-18.09809493737501,3.5511794169270194,1.66,USD,1.23829,USD,876030107
TRAW,"Traws Pharma, Inc.",2.18,USD,88773487,428.68802086904793,2.18,USD,1.5924032140248359,Health technology,Biotechnology,3172583.5,33028459.317647066,USD,68.70920000000001,15150700,4.5329255188283115,1.369,USD,,8.318807339449556,-0.82,USD,-0.5608,USD,68232V884
TRIN,Trinity Capital Inc.,16.99,USD,1358697,1.184712699342499,16.99,USD,9.017568069635368,Miscellaneous,Investment trusts,1235112.4333333333,1527191206.4418333,USD,95.44940000000001,89887600,5.695621302110848,1.8841,USD,-14.00730260155179,2.080299335743664,0.53,USD,0.518,USD,896442308
TRIP,"TripAdvisor, Inc.",10.45,USD,3530115,1.2632708452133883,10.45,USD,108.2901554404145,Consumer services,Other consumer services,3488818.566666667,1199191984.234194,USD,92.36479999999999,114755000,0.6911713501119752,0.0965,USD,-73.53263850795393,4.31578947368425,-0.11,USD,0.424087,USD,896945201
TROX,Tronox Holdings plc,8.82,USD,3464024,1.0102631997380334,8.82,USD,,Process industries,Chemicals: specialty,3029799.933333333,1406904676.7600954,USD,73.6009,159513000,0.458952102915952,-2.9118,USD,-206.69896776911733,6.935779073534118,-0.55,USD,-0.323745,USD,
TRT,Trio-Tech International,12.33,USD,584445,0.34093005137007276,12.33,USD,,Producer manufacturing,Industrial machinery,1693014.9,123491625.20689656,USD,62.494499999999995,10015500,4.099524564183841,-0.0207,USD,-131.45896656534956,23.20125130344103,,,,,896712205
TRU,TransUnion,72,USD,1477293,0.5946978847567216,72,USD,19.963953971995007,Commercial services,Financial publishing/Services,2210550,13881599638.766277,USD,98.76119999999999,192800000,3.002089372236205,3.6065,USD,93.1915577458753,3.812003968254471,1.18,USD,1.149443,USD,89400J107
TRX,TRX Gold Corporation,1.26,USD,2910746,0.7422133785754966,1.26,USD,,Non-energy minerals,Precious metals,4046177.933333333,410673897.21686745,USD,97.22640000000001,325932000,3.949616524843279,-0.07288375000000001,USD,-954.9560698829014,6.318594104308331,-0.0553367125,USD,0.0401948356,USD,87283P109
TSCO,Tractor Supply Company,30.65,USD,17644213,1.229458050159513,30.65,USD,15.056985655335035,Retail trade,Specialty stores,10659810.166666666,16122092568.716133,USD,99.7231,526006000,1.071179484059794,2.0356,USD,1.2333399641933525,4.9277557678864685,0.31,USD,0.856497,USD,892356106
TSEM,Tower Semiconductor Ltd.,211.02,USD,1589448,0.6854327134467194,211.02,USD,108.82929345023209,Electronic technology,Semiconductors,2667245,23582882440.76057,USD,93.82300000000001,111756620,15.311952462917217,1.939,USD,4.748527902328351,6.8167607674289945,0.78,USD,0.5625,USD,
TSHA,"Taysha Gene Therapies, Inc.",6.81,USD,2177090,0.9211177549383113,6.81,USD,,Health technology,Biotechnology,2754462.3,1956928588.6731632,USD,81.9906,287361000,327.3244486802296,-0.3962,USD,-11.042600896860984,6.4029788126704235,-0.12,USD,-0.116923,USD,877619106
TSLA,"Tesla, Inc.",428.35,USD,64636708,1.1612903944463275,428.35,USD,391.3301662707839,Consumer durables,Motor vehicles,65536052.300000064,1608764251497.95,USD,77.5787,3755720000,14.884837605615079,1.0946,USD,-39.80422349318082,3.0630925978420724,0.41,USD,0.442128,USD,88160R101
TSSI,"TSS, Inc.",12.02,USD,5769679,4.047221852005134,12.02,USD,21.67327803822575,Technology services,Information technology services,1719714.3,333838602.18686867,USD,85.45330000000001,27773600,1.7787518262731012,0.5546,USD,130.50706566916043,11.836047064416453,0.08,USD,0.053333,USD,87288V101
TTD,"The Trade Desk, Inc.",23.08,USD,41169183,2.1663365582026683,23.08,USD,26.011495548292572,Technology services,Packaged software,18948620.633333337,10985558474.533844,USD,97.7774,432868000,3.772828875222288,0.8873,USD,8.511679099914392,4.754363703886797,0.08,USD,0.194507,USD,88339J105
TTMI,"TTM Technologies, Inc.",157.31,USD,2081054,0.7003630249822533,157.31,USD,85.50850682176443,Electronic technology,Electronic components,2101574.433333333,16336653314.86727,USD,97.67830000000001,103850000,5.305459946714402,1.8397,USD,145.6864316239316,7.163391892260037,0.75,USD,0.856,USD,87305R109
TW,Tradeweb Markets Inc.,108.81,USD,925167,0.5754285484688962,108.81,USD,26.854731230564195,Finance,Investment banks/Brokers,1392207.1666666667,25681990237.25623,USD,99.6013,116036000,10.905592632315633,4.0518,USD,66.45304412127186,3.291773340160489,1.08,USD,0.956101,USD,892672106
TWLO,Twilio Inc.,201.7,USD,2850342,0.8220038267906026,201.7,USD,312.8586939661858,Technology services,Packaged software,2719596.3,30612789656.8879,USD,95.7517,151774000,5.864120003996853,0.6447,USD,,3.7266059919257577,1.5,USD,1.32209,USD,90138F102
TXG,"10x Genomics, Inc.",21.6,USD,4830147,1.9505542676545835,21.6,USD,,Health technology,Biotechnology,2562269.6,2786204218.4478145,USD,95.8599,118912000,4.502761736395617,-0.1744,USD,86.53489808523781,6.790641534391445,-0.1,USD,-0.236409,USD,88025U109
TXN,Texas Instruments Incorporated,287.8,USD,8509180,0.9931333210504398,287.8,USD,49.23613843600842,Electronic technology,Semiconductors,7556871.566666666,261924708793.48126,USD,99.7478,910093000,14.139785226163392,5.8453,USD,10.750487883438492,3.285394122902862,1.68,USD,1.90585,USD,882508104
TXRH,"Texas Roadhouse, Inc.",177.38,USD,2906947,2.348933054268211,177.38,USD,28.326865647806578,Consumer services,Restaurants,1154238.4,11693802211.283226,USD,99.54789999999998,65925100,1.7221359678989017,6.2619,USD,-3.4476910030067107,2.4332264871220493,1.87,USD,1.788469,USD,882681109
TYRA,"Tyra Biosciences, Inc.",34.32,USD,891762,1.0370302319171922,34.32,USD,,Health technology,Biotechnology,1025875.1,2041533432.6273558,USD,73.6664,53706357,,-2.0122,USD,-33.43501326259947,6.366113053612983,-0.57,USD,-0.588071,USD,90240B106
U,Unity Software Inc.,28.16,USD,17234877,1.4616642299485716,28.16,USD,,Technology services,Packaged software,14798782.2,12287053070.74897,USD,81.89,436330000,6.036570108680395,-1.5681,USD,-39.49826527888977,5.493455762987161,-0.8,USD,-0.119453,USD,91332U101
UAL,"United Airlines Holdings, Inc.",99.58,USD,3888579,0.6287348106067228,99.58,USD,8.88448738881008,Transportation,Airlines,7799050.833333333,32320652989.27262,USD,99.31809999999999,324570000,0.5388476168425218,11.2083,USD,2.1760137106184336,3.6349023039620487,1.19,USD,1.795486,USD,910047109
UAMY,United States Antimony Corporation,10.66,USD,10613025,0.6173774023300547,10.66,USD,,Non-energy minerals,Other metals/Minerals,12451806.3,1524799559.9945552,USD,86.583,143039000,39.31115426809941,-0.0349,USD,-118.12499999999999,12.342535513267256,0,USD,-0.003333,USD,911549103
UAVS,"AgEagle Aerial Systems, Inc.",1.17,USD,2385722,1.3299238867111787,1.17,USD,,Electronic technology,Aerospace & defense,2303407.233333334,66978730.99999999,USD,94.9228,57246800,3.9831253909701037,-0.7537,USD,98.91812051250399,5.2075702075704555,,,,,00848K309
UBER,"Uber Technologies, Inc.",75.45,USD,16178627,0.8771288647975441,75.45,USD,18.802801106486907,Transportation,Other transportation,15475072.833333334,153585951195.26392,USD,95.8299,2035600000,2.9604528364408536,4.0127,USD,-30.030166175521806,3.1845025087570895,0.72,USD,0.802318,USD,90353T100
UCTT,"Ultra Clean Holdings, Inc.",87.1,USD,1074072,0.7715761216215546,87.1,USD,,Producer manufacturing,Industrial machinery,1053243.7,3904549365.6683345,USD,97.22980000000001,44828400,1.749212255944326,-4.292,USD,-794.7232113952734,6.7920370674102255,0.31,USD,0.532413,USD,90385V107
UDMY,"Udemy, Inc.",4.63,USD,2366635,1.535210657289561,4.63,USD,188.97959183673467,Technology services,Packaged software,1470681.2,675681539.890656,USD,66.7122,145935530,0.927869537630215,0.0245,USD,,6.4807158284480275,0.12,USD,0.104144,USD,902685106
UEC,Uranium Energy Corp.,15.16,USD,7182149,0.7681962278582755,15.16,USD,,Non-energy minerals,Other metals/Minerals,8428258.766666668,7431747320.220654,USD,98.19330000000001,490221000,373.60949317475246,-0.1824,USD,-15.006305170239607,7.093102148511102,-0.03,USD,-0.029501,USD,916896103
ULCC,"Frontier Group Holdings, Inc.",5.29,USD,5283313,0.6660777424138864,5.29,USD,,Transportation,Airlines,6495807.3,1215585473.9631677,USD,37.4005,229789000,0.32747939736592996,-1.5997,USD,-640.9874873182279,7.433702403456797,-0.3,USD,-0.55433,USD,35909R108
UMAC,"Unusual Machines, Inc.",13.42,USD,4214615,1.5500439807691666,13.42,USD,,Electronic technology,Electronic equipment/Instruments,4018868.966666667,522856907.28740746,USD,87.8163,38961018,45.517356524357254,-0.7527,USD,79.86948730978042,7.555620608899323,-0.294444,USD,-0.0937,USD,91532F102
UNH,UnitedHealth Group Incorporated,379.98,USD,6360046,0.900557914248193,379.98,USD,28.697661772702556,Health services,Managed health care,8468351.3,345076680293.373,USD,99.74689999999998,908144000,0.7481736129487027,13.2408,USD,-44.64988148934658,2.1965554578060176,7.23,USD,4.853324,USD,91324P102
UPS,"United Parcel Service, Inc.",100.78,USD,4605688,0.5856162896073048,100.78,USD,16.31562758017776,Transportation,Air freight/Couriers,5821966.3,85721631198.41919,USD,99.98549999999999,744711000,0.9628049608473309,6.1769,USD,-9.902564252166055,2.629489978170376,1.07,USD,1.654032,USD,911312106
UPST,"Upstart Holdings, Inc.",28.96,USD,4613229,0.9101093530982517,28.96,USD,74.75477542591636,Finance,Finance/Rental/Leasing,4658951.833333333,2771807088.171035,USD,87.01719999999999,95711600,2.4678644471766114,0.3874,USD,,5.835462707182221,0.307436,USD,0.578715,USD,91680M107
UPWK,Upwork Inc.,8.82,USD,26552568,5.52765860285297,8.82,USD,10.990654205607477,Commercial services,Personnel services,4459117.533333333,1149953490.3562677,USD,93.0806,130380000,1.8206168865274162,0.8025,USD,-51.88848920863309,6.32013281503058,0.35,USD,0.323168,USD,91688F104
UPXI,"Upexi, Inc.",1.38,USD,2799925,0.9116538201434656,1.38,USD,,Health technology,Pharmaceuticals: other,3202918.8666666667,95695209.17910448,USD,82.71650000000001,69344400,3.294582384962881,-5.2352,USD,75.23135444068053,7.598343685300716,-2.94,USD,-0.2,USD,39959A205
URBN,"Urban Outfitters, Inc.",71.5,USD,874663,0.9388438690376009,71.5,USD,14.112584872888048,Retail trade,Apparel/Footwear retail,1171438.7666666666,6120491747.167803,USD,58.3804,85601300,1.0437093407052542,5.0664,USD,18.826371461406755,3.5686113886113575,1.43,USD,1.146122,USD,917047102
USAR,"USA Rare Earth, Inc.",26.96,USD,16447395,0.8389307591275956,26.96,USD,,Producer manufacturing,Metal fabrication,17132031.1,5876637242.122821,USD,90.1002,217976180,2377.170359099199,-2.9155,USD,-1154.4303797468353,8.66487388724037,-0.19,USD,-0.13,USD,91733P107
UTZ,Utz Brands Inc,7.5,USD,1940102,1.0022372478730959,7.5,USD,,Consumer non-durables,Food: specialty/candy,1837504.9666666666,1078347393.4585493,USD,81.21490000000001,88430700,0.47102585143646447,-0.0971,USD,-130.40075140889167,4.527238095238211,0.15,USD,0.184445,USD,918090101
UWMC,UWM Holdings Corporation,3.38,USD,16883354,1.0071203039958991,3.38,USD,12.527798369162342,Finance,Finance/Rental/Leasing,14220746.866666667,5446418543.999999,USD,86.6466,323884000,0.2813000860504231,0.2698,USD,,5.962806424344843,0.045706,USD,0.105333,USD,91823B109
VECO,Veeco Instruments Inc.,59.42,USD,1563211,0.7707965049910349,59.42,USD,154.9413298565841,Electronic technology,Electronic production equipment,1494703.8333333333,3626609780.40991,USD,97.2548,61033500,5.321024379599713,0.3835,USD,-63.96015412085331,5.315165648891672,0.14,USD,0.279515,USD,922417100
VEEV,Veeva Systems Inc.,166.34,USD,2717174,0.4220027558416576,166.34,USD,30.708167183577018,Technology services,Packaged software,3610120.7666666666,27168467331.69938,USD,90.85329999999998,163331000,8.85983031072719,5.4168,USD,25.105085685251066,3.278251086414885,2.06,USD,2.135394,USD,922475108
VELO,"Velo3D, Inc.",13.46,USD,2017201,1.016208036603622,13.46,USD,,Producer manufacturing,Industrial machinery,2372415.2333333334,400949829.0417008,USD,46.1961,29788200,5.663740852891902,-4.5953,USD,95.71656012363839,13.194597749946995,-0.54,USD,-0.48,USD,92259N302
VERI,"Veritone, Inc.",2.13,USD,2586352,1.2379732263696446,2.13,USD,,Commercial services,Advertising/Marketing services,3004265.2666666666,197991303.1730769,USD,87.72370000000001,92953700,2.0495096921322693,-1.813,USD,33.97909762936529,7.014419852448012,-0.105,USD,-0.115,USD,92347M100
VERX,"Vertex, Inc.",14.93,USD,2238718,1.429372992544233,14.93,USD,,Technology services,Packaged software,1381652.9,2388161704.335378,USD,93.0394,77801300,3.063721622128361,-0.0406,USD,85.82897033158812,4.843507798296754,0.17,USD,0.187399,USD,92538J106
VFF,"Village Farms International, Inc.",2.57,USD,5506209,6.204562264802379,2.57,USD,9.142653859836356,Process industries,Agricultural commodities/Milling,1166692.6666666667,295818367.5942029,USD,89.3048,115104420,1.2607757484056448,0.2811,USD,,6.673151750972746,0.02,USD,0.024367,USD,92707Y108
VFS,VinFast Auto Ltd.,4.31,USD,566393,1.144701194736007,4.31,USD,,Consumer durables,Motor vehicles,1143296.5,10083299671.3911,USD,2.121200000000009,2339512700,2.8820996420990355,-1.591,USD,-20.905843909111628,5.806098773616136,-0.6,USD,-0.31,USD,
VG,"Venture Global, Inc.",11.45,USD,17426634,0.9119508098253499,11.45,USD,12.378378378378377,Industrial services,Oil & gas pipelines,24112252.466666665,28425409098.742516,USD,96.88139999999999,513964100.00000006,2.0860142348754462,0.925,USD,51.81355654029216,5.816094822208409,0.41,USD,0.125352,USD,92333F101
VGNT,Versigent PLC,41.83,USD,1165595,0.7576050555924994,41.83,USD,,Producer manufacturing,Electrical products,3308108.433333333,2965481541.457179,USD,98.8878,70893660,,,,,5.652436733718103,1.515,USD,1.545433,USD,
VIAV,Viavi Solutions Inc.,51.21,USD,4797098,0.5792641951786551,51.21,USD,,Technology services,Information technology services,6600220.166666659,11978421712.22997,USD,98.7637,233908000,9.326334480486198,-0.25,USD,-1290.4761904761906,7.223017267832682,0.27,USD,0.298473,USD,925550105
VIK,Viking Holdings Ltd,82.67,USD,2581889,1.0631207526098534,82.67,USD,32.17983651226158,Consumer services,Hotels/Resorts/Cruise lines,2842251.7,36853130526.02739,USD,64.8432,318014920,5.774867661967319,2.569,USD,691.6795069337442,3.631037342964353,0.67,USD,-0.112085,USD,G93A5A101
VIR,"Vir Biotechnology, Inc.",9.12,USD,1575772,1.03977929206915,9.12,USD,,Health technology,Biotechnology,1744455.5333333334,1470454789.3333333,USD,72.02380000000001,161234000,20.856517871135207,-3.137,USD,25.73565966714803,5.163455513784449,-0.85,USD,0.3336,USD,92764N102
VISN,"Vistance Networks, Inc.",11.72,USD,6742073,0.5129325894202356,11.72,USD,,Electronic technology,Telecommunications equipment,7738788.766666667,2643675930.6420174,USD,96.36269999999999,225570000,0.6692839839164846,-0.2217,USD,62.676767676767675,5.0093247196490065,0.34,USD,0.254086,USD,20337X109
VITL,"Vital Farms, Inc.",8.94,USD,6506178,1.2837300916293024,8.94,USD,8.60939907550077,Process industries,Agricultural commodities/Milling,3507094.966666667,400486332.2457983,USD,81.9028,44797100,0.5411391263242424,1.0384,USD,-7.74697938877043,11.359140300415664,-0.03,USD,-0.269145,USD,92847W103
VKTX,"Viking Therapeutics, Inc.",31.33,USD,1444431,0.5369925220079862,31.33,USD,,Health technology,Pharmaceuticals: major,2364308.7,3637589825.012033,USD,97.1928,116106000,,-4.1459,USD,-259.9808978032474,5.413296247321147,-1.37,USD,-1.243306,USD,92686J106
VLN,Valens Semiconductor Ltd.,2.79,USD,5153476,0.7908746558888884,2.79,USD,,Electronic technology,Semiconductors,2739985.933333333,293766648.0497925,USD,72.2685,105293000,3.493369748389381,-0.3062,USD,11.783347738403915,9.626984126984118,-0.04,USD,-0.063333,USD,
VLTO,Veralto Corp,86.84,USD,2048936,0.900692891407684,86.84,USD,22.40858772224086,Producer manufacturing,Industrial machinery,1939259.7,21327840408.026146,USD,99.7866,245599260,3.9534267834793493,3.8753,USD,10.824182109357135,2.7669934855562466,1.07,USD,1.00387,USD,92338C103
VLY,Valley National Bancorp,13.41,USD,4746480,0.9649435634221969,13.41,USD,12.024748923959828,Finance,Major banks,6308742.933333334,7433389343.787312,USD,85.65899999999999,554317000,3.589549149411895,1.1152,USD,62.447195921340125,2.751145200809558,0.29,USD,0.30648,USD,919794107
VNDA,Vanda Pharmaceuticals Inc.,6.28,USD,1308770,1.0076205359435368,6.28,USD,,Health technology,Pharmaceuticals: major,1165377.6333333333,371198434.5915493,USD,91.4559,59108000,1.744631259608232,-4.0492,USD,-434.7596407818278,5.337807097361336,-0.82,USD,-0.6,USD,921659108
VNET,"VNET Group, Inc.",8.9,USD,6688407,1.473251506328924,8.9,USD,,Technology services,Data processing services,4996787.366666666,2449129439,USD,96.05820000000011,268210050.83333302,1.9006327368193043,-0.1435,USD,-277.16049382716045,4.382022471909979,-0.0014296,USD,-0.03446189019,USD,90138A103
VNT,Vontier Corporation,30.09,USD,3714038,2.1807628387722278,30.09,USD,10.626500918208787,Transportation,Other transportation,1248902.6,4239644555.4864683,USD,99.2901,140899000,1.4173325013775897,2.8316,USD,15.326029405775266,4.399990504676507,0.8,USD,0.81181,USD,928881101
VOR,Vor Biopharma Inc.,16.94,USD,1173105,1.6201192234730273,16.94,USD,,Health technology,Biotechnology,1153427.2333333308,827476707.9415424,USD,70.2569,48847500,,-333.578,USD,-880.0510036196117,5.420391297014711,82.040857,USD,-0.781076,USD,929033207
VOYG,"Voyager Technologies, Inc.",29.74,USD,2032441,1.310783166824105,29.74,USD,,Technology services,Information technology services,1553457.1,1759073513.5081968,USD,95.09960000000001,53389835,9.059498563993357,-2.1503,USD,-20.898459462498604,7.328970122009711,-0.61,USD,-0.765447,USD,92892B103
VRNS,"Varonis Systems, Inc.",28.53,USD,2372112,0.650302854933248,28.53,USD,,Technology services,Packaged software,2740334.4666666645,3275647675.625523,USD,94.85860000000001,114814000,5.02464293471205,-1.1341,USD,-39.925971622455286,5.118897401231851,0.06,USD,0.008159,USD,922280102
VRT,"Vertiv Holdings, LLC",339.97,USD,4059835,0.7304484162182188,339.97,USD,85.34454625329485,Electronic technology,Electronic production equipment,5470325.433333334,130585481218.53134,USD,98.1711,384109000,12.29572819242121,3.9835,USD,130.95431354359923,4.471230654805638,1.17,USD,1.417699,USD,92537N108
VSAT,"ViaSat, Inc.",70.01,USD,1533041,1.0190479767320277,70.01,USD,,Electronic technology,Telecommunications equipment,1523731.4666666666,9509556971.564148,USD,94.5413,135831000,2.0248574762882887,-2.5988,USD,20.586707410236816,4.526883914542839,0.18,USD,-0.30329,USD,92552V100
VSCO,Victorias Secret & Co.,48.04,USD,1938903,1.1905036162051674,48.04,USD,25.939524838012957,Retail trade,Apparel/Footwear retail,1933208.8333333333,3865635489.254259,USD,85.475,80467000,0.6228699393512529,1.852,USD,-5.798575788402842,5.496446413702887,2.77,USD,0.311032,USD,926400102
VSH,"Vishay Intertechnology, Inc.",34.26,USD,4240901,1.1585672158419857,34.26,USD,,Electronic technology,Electronic production equipment,3077942.3,4662974320.670758,USD,98.9967,124008000,1.4519260369990927,-0.0662,USD,71.7937792927141,3.9011341839712763,0.01,USD,0.023333,USD,928298108
VST,Vistra Corp.,147.72,USD,8005569,1.625728731115802,147.72,USD,24.551664533714494,Utilities,Electric utilities,4189303.1,50010499519.739395,USD,99.09030000000001,338549000,,6.0167,USD,-5.62631364306553,4.606146764148318,1.470567,USD,2.082965,USD,92840M102
VSTM,"Verastem, Inc.",4.89,USD,7554373,3.942052600686967,4.89,USD,,Health technology,Biotechnology,2223334.5,429551747.30565363,USD,85.78920000000001,87842900,15.269586595070203,-3.3279,USD,4.6446991404011495,8.033304119193678,-0.37,USD,-0.43375,USD,92337C203
VTRS,Viatris Inc.,17.17,USD,19512778,1.2962788971824828,17.17,USD,,Health technology,Pharmaceuticals: major,11101728.533333333,19993106124.3364,USD,97.91730000000001,1164420000,1.4028640753375294,-0.259,USD,91.85252760388815,2.9851901156502065,0.59,USD,0.612059,USD,92556V106
VVV,Valvoline Inc.,35.62,USD,3936953,1.3054295242675513,35.62,USD,48.96219931271477,Consumer services,Other consumer services,2264131.1666666665,4534989602.340675,USD,99.68780000000001,127316000,2.478318984072317,0.7275,USD,-64.71016250303178,3.846133793214158,0.41,USD,0.495673,USD,92047W101
VZ,Verizon Communications Inc.,47.22,USD,15929516,0.6440754470502579,47.22,USD,11.506128316966786,Communications,Wireless telecommunications,25001560.366666667,197169900492.423,USD,99.9356,4175560000.0000005,1.424754574331995,4.1039,USD,-2.501663023852507,2.0670720638950555,1.28,USD,1.278861,USD,92343V104
W,Wayfair Inc.,66.26,USD,3092335,0.6013940835028461,66.26,USD,,Retail trade,Specialty stores,3891200.8,8812367820.866768,USD,92.43780000000001,111019000,0.6851161320903776,-2.3391,USD,18.204706787425252,6.2509486438704975,0.26,USD,0.859602,USD,94419L101
WALD,Waldencast plc,1.8,USD,975756,0.1860530921614498,1.8,USD,,Consumer non-durables,Household/Personal care,1958062.4,230867769.85714287,USD,39.8376,118240000,0.6083143076623375,-2.0166,USD,-426.80250783699057,9.817857142857143,,,,,
WDAY,"Workday, Inc.",127.83,USD,4251018,0.9152054640484337,127.83,USD,49.46981424148606,Technology services,Information technology services,4837838.966666667,32852311225.753746,USD,99.2394,210000000,3.6160301741136958,2.584,USD,32.153633713496646,4.426638057240973,2.47,USD,2.518948,USD,98138H101
WDC,Western Digital Corporation,480,USD,7866597,0.8569978312824179,480,USD,28.653124085935495,Electronic technology,Computer peripherals,7911337.199999997,165447423180.8756,USD,99.13250000000001,344682000,15.244389063428725,16.7521,USD,218.5112653294039,5.084285714285694,2.72,USD,3.270022,USD,958102105
WEN,Wendy's Company (The),7.3,USD,22240938,2.5352317086386558,7.3,USD,8.579151486661182,Consumer services,Restaurants,8371059.966666667,1390403568.8057554,USD,90.9961,190466000,0.6083358330757054,0.8509,USD,-9.995768986672312,3.7052837573386457,0.12,USD,0.178168,USD,95058W100
WES,"Western Midstream Partners, LP",43.49,USD,1795210,1.008956291899456,43.49,USD,14.21520559586847,Industrial services,Oil & gas pipelines,1502642.7,17125550242.577602,USD,60.401,393781000,4.282768294062069,3.0594,USD,-8.513501390508656,2.2714252866015516,0.85,USD,0.783772,USD,958669103
WFC,Wells Fargo & Company,75.64,USD,30160296,1.9302471463294417,75.64,USD,11.680951277893598,Finance,Major banks,16359722.866666667,231472740942.67612,USD,99.7814,3060190000,2.895082900278016,6.4755,USD,16.344460814258504,2.305563949535446,1.6,USD,1.701831,USD,949746101
WGS,GeneDx Holdings Corp.,40.77,USD,2104265,0.8128809803160782,40.77,USD,,Health services,Medical/Nursing services,1368643.2333333334,1210380837.1333334,USD,87.59519999999999,29688000,2.68383024003903,-2.6684,USD,-85.22837706511174,9.70389642243962,-0.28,USD,-0.1875,USD,81663L200
WHR,Whirlpool Corporation,44.96,USD,6133271,1.8983499415880039,44.96,USD,15.07207509218907,Consumer durables,Electronics/Appliances,2736518.466666667,2916711684.3011823,USD,95.54309999999998,64873500.00000001,0.1893578489521547,2.983,USD,2109.6296296296296,5.587855871886523,-0.56,USD,0.70232,USD,963320106
WING,Wingstop Inc.,129.67,USD,1456610,0.8002450273458209,129.67,USD,32.25862626564171,Consumer services,Restaurants,1463424.1666666667,3531245338.207963,USD,99.32900000000001,27232600,5.245705103991073,4.0197,USD,-32.566683442375435,8.963688043274708,1.18,USD,1.038102,USD,974155103
WIX,Wix.com Ltd.,80.12,USD,1565442,1.3789016964774736,80.12,USD,102.23299732040323,Technology services,Packaged software,2642052.6333333333,4410401880.4879265,USD,96.2418,55047500,2.214841619630421,0.7837,USD,-66.29682191545176,5.314875900434624,1.81,USD,1.237421,USD,
WK,Workiva Inc.,51.29,USD,1264564,0.8124839535312255,51.29,USD,222.034632034632,Technology services,Information technology services,1093364.0666666667,2891108269.7601843,USD,94.6444,52798300,3.3015721740957615,0.231,USD,,4.603723922791964,0.77,USD,0.635946,USD,98139A105
WLK,Westlake Corporation,93.85,USD,1404762,1.155042788635512,93.85,USD,,Process industries,Chemicals: specialty,1163114.1666666667,12024337585.34966,USD,25.90330000000001,128122999.99999999,1.1355602815233237,-12.7046,USD,-527.1889710827169,4.182494862623338,-0.77,USD,1.851071,USD,960413102
WLTH,Wealthfront Corporation,11.47,USD,697440,0.8537013186199279,11.47,USD,,Technology services,Packaged software,1049366.2333333334,1715614240.2098331,USD,56.941599999999994,149574020,,,,,4.1416116577407145,-1.31,USD,0.117143,USD,947002101
WMG,Warner Music Group Corp.,33.36,USD,6572445,2.6403140298683985,33.36,USD,39.22398589065256,Commercial services,Commercial printing/Forms,2269796.6,17425469048.219074,USD,97.1112,146966000,2.2845814448029147,0.8505,USD,-1.150627615062764,3.005095923261342,0.34,USD,0.344517,USD,934550203
WOLF,"Wolfspeed, Inc.",46.6,USD,6547016,0.8595561880804649,46.6,USD,,Electronic technology,Semiconductors,4665935.166666667,2101129116.0008862,USD,57.4226,45088610,,-16.8602,USD,-101.86779372852335,10.35780196198652,-3.26,USD,-2.45,USD,97785W106
WRBY,Warby Parker Inc.,29.55,USD,4176597,1.51402052306572,29.55,USD,3110.5263157894738,Retail trade,Specialty stores,2478363.933333333,3619571401.996324,USD,94.15410000000001,106768720,3.8347000235804027,0.0095,USD,,5.97341068407048,0.154337,USD,0.114908,USD,93403J106
WSC,WillScot Holdings Corporation,28.1,USD,13308841,4.839626061783152,28.1,USD,,Finance,Finance/Rental/Leasing,2817964.4,5082009349.133046,USD,97.08370000000001,180854000,1.8621709608314878,-0.3789,USD,-520.0665188470067,3.8027452974071903,0.21,USD,0.25211,USD,971378104
WSHP,WeShop Holdings Limited,7.69,USD,76197,0.449953142798429,7.69,USD,,Technology services,Internet software/Services,1774780.9666666666,180281915.9242946,USD,12.249699999999999,10943683,307.5247903187396,-3.6079,USD,-443.5221452244652,16.38937395504327,,,,,G1472N125
WTI,"W&T Offshore, Inc.",3.71,USD,8356818,1.2988467630827663,3.71,USD,,Energy minerals,Oil & gas production,9010101.733333332,551965294.1937174,USD,66.05640000000001,148778000,1.0895642371562115,-0.956,USD,-32.55684969495286,8.220639199075872,0,USD,0.001367,USD,92922P106
WTTR,"Select Water Solutions, Inc.",16.8,USD,1893070,0.8708848875362533,16.8,USD,82.75862068965517,Energy minerals,Oil & gas production,2028971.9666666666,2319485097.2175984,USD,88.53819999999999,121843000,1.3530235736190368,0.203,USD,-41.09112013929193,3.7875425170068375,0.133265,USD,0.123141,USD,81617J301
WU,Western Union Company (The),9.07,USD,5213773,0.4298608068409909,9.07,USD,6.640310418039388,Finance,Regional banks,8701819.9,2833786317.913812,USD,98.42229999999999,312435000,0.7095931095931085,1.3659,USD,-49.30408640463201,3.923925027563593,0.25,USD,0.436367,USD,959802109
WULF,TeraWulf Inc.,23.39,USD,36205867,1.115307410160027,23.39,USD,,Technology services,Data processing services,33173415.933333334,11292270784.271858,USD,69.3085,482782000,56.408207532456785,-1.661,USD,-719.0335305719921,6.55841934892814,-0.25979,USD,-0.248889,USD,88080T104
WVE,Wave Life Sciences Ltd.,7.18,USD,2529246,0.572457310019242,7.18,USD,,Health technology,Biotechnology,4547108.366666666,1381288281.986188,USD,82.05170000000001,192380000,20.184620345365353,-1.0543,USD,-25.67648110621052,4.964683645045988,-0.13,USD,-0.302715,USD,
WYNN,"Wynn Resorts, Limited",102.42,USD,3980448,3.126276190022898,102.42,USD,29.311430370327972,Consumer services,Casinos/Gaming,1462336.1666666667,10656124465.337015,USD,72.3699,104043000,1.5205087157912165,3.4942,USD,-4.621263818752553,3.085676625659281,1.25,USD,1.276285,USD,983134107
XERS,"Xeris Biopharma Holdings, Inc.",6.53,USD,3011784,1.7566099522473448,6.53,USD,99.69465648854961,Health technology,Biotechnology,1645061.8,1125976340.739065,USD,93.1295,172431000,3.7404584076378486,0.0655,USD,,4.072850579741911,0.01,USD,0.016157,USD,98422E103
XIFR,"XPLR Infrastructure, LP",11.73,USD,3280427,2.581048131068706,11.73,USD,10.605786618444846,Utilities,Alternative power generation,1030349.7666666667,2208364218.1630154,USD,91.9234,93966400,0.9098991525423762,1.106,USD,,3.5285592497869613,0.35,USD,0.05,USD,65341B106
XOM,Exxon Mobil Corporation,144.57,USD,19176616,1.1577783767732002,144.57,USD,24.395470883042808,Energy minerals,Integrated oil,20588263.766666666,599235033677.019,USD,99.80409999999999,4144950000,1.8702832468936355,5.9261,USD,-21.597914957796423,2.2511190822043146,1.16,USD,3.402504,USD,30231G102
XP,XP Inc.,19.17,USD,4001320,1.0181289817656767,19.17,USD,11.015975175267211,Finance,Investment banks/Brokers,4781729.033333333,10101481752.6115,USD,93.82939999999999,423566000,2.9323083284517937,1.7402,USD,13.812949640287774,3.1485207541544415,0.46617600000000003,USD,0.4924684862,USD,G98239109
XRAY,DENTSPLY SIRONA Inc.,11,USD,6637781,1.2626496445175877,11,USD,,Health technology,Medical specialties,4000712.1,2203593604.653284,USD,99.15939999999999,200327000,0.5951926107036124,-3.1476,USD,30.66960352422907,4.577922077922332,0.27,USD,0.356328,USD,24906P109
XRX,Xerox Holdings Corporation,2.78,USD,8385443,0.5588037207497784,2.78,USD,,Electronic technology,Computer peripherals,7273707.566666666,363557943.91561174,USD,90.886,130776000.00000001,0.04124874510862234,-8.3248,USD,21.062014033756874,9.789054470709278,-0.43,USD,-0.077467,USD,98421M106
XTIA,"XTI Aerospace, Inc.",1.75,USD,1567350,1.403764544795527,1.75,USD,,Technology services,Information technology services,1403922.600000001,67326351.93370165,USD,99.88889999999999,38472200,2.2744797022027785,-8.0213,USD,98.12536078619254,7.754693877551031,,,-0.27,USD,98423K405
XWIN,"XMAX, Inc.",8.34,USD,2094705,1.6910393614769446,8.34,USD,,Consumer durables,Home furnishings,1057471.7666666664,530443394.2909091,USD,98.9974,63602300,20.663959408954405,-0.1578,USD,90.92112076405272,2.51627269612885,,,,,66979P300
XXI,"Twenty One Capital, Inc.",8.62,USD,764402,0.5792099336516908,8.62,USD,25.367863449087697,Finance,Regional banks,1244334.8,5614989721.78,USD,73.797,346548160,,0.3398,USD,1946.987951807229,4.900646337421001,,,,,90138L109
XYZ,"Block, Inc.",74.85,USD,12867579,2.559937023647983,74.85,USD,58.149471721566194,Commercial services,Miscellaneous commercial services,5487661.966666667,44584803904.73482,USD,97.04109999999999,535667000.00000006,1.7122896159580814,1.2872,USD,-68.69116824362123,3.298444508063753,0.85,USD,0.851707,USD,852234103
YSS,York Space Systems Inc.,34.79,USD,1839357,0.9886765561000792,34.79,USD,,Electronic technology,Aerospace & defense,2523804.533333333,4439524989.340922,USD,65.5117,127609215,,,,,11.55405904816659,-0.299474,USD,-0.111157,USD,987084100
Z,"Zillow Group, Inc.",41.43,USD,3858210,1.234136625754716,41.43,USD,165.1913875598086,Technology services,Internet software/Services,3245681.8333333335,9505401488.26923,USD,89.65849999999999,180430000,3.886984745636844,0.2508,USD,,4.548981069618272,0.53,USD,0.464186,USD,98954M200
ZENA,"ZenaTech, Inc.",2.05,USD,1756258,0.8026787983159018,2.05,USD,,Technology services,Information technology services,2021848.3333333333,98565810.83333333,USD,38.7184,48020885,10.857594416328578,-0.8295,USD,-545.5252918287938,8.519512195121703,-0.1581624,USD,-0.153636,USD,98936T208
ZETA,Zeta Global Holdings Corp.,17.14,USD,6169835,0.6116945139696868,17.14,USD,,Technology services,Packaged software,8147430.333333333,4272275645.880787,USD,96.58409999999999,225619000,2.8694999575233204,-0.1046,USD,64.05498281786942,4.979496582763794,0.13,USD,0.200883,USD,98956A105
ZIM,ZIM Integrated Shipping Services Ltd.,26.61,USD,858017,0.42220057899381164,26.61,USD,6.691814409656733,Transportation,Marine shipping,1516829.0333333334,3205597730.5711,USD,98.2522,120466000,0.45541192002786873,3.9765,USD,-77.69344687152906,3.085118376550142,0.32,USD,-0.70938,USD,
ZM,"Zoom Communications, Inc.",109.21,USD,3758345,0.7163833927151374,109.21,USD,17.58416925628351,Technology services,Packaged software,4456097.4,32180571032.3086,USD,99.7117,265970000.00000003,6.745557307820526,6.2107,USD,93.94497704774693,3.579434117754728,1.44,USD,1.417221,USD,98980L101
ZS,"Zscaler, Inc.",152.13,USD,3440955,1.497700731628323,152.13,USD,,Technology services,Packaged software,2830858.466666667,24461089705.76674,USD,64.6122,160791000,8.129612005239348,-0.4271,USD,-313.45595353339786,3.9179367270474628,1.01,USD,1.010979,USD,98980G102
ZTS,Zoetis Inc.,82.83,USD,17176807,2.727339920242075,82.83,USD,13.722436672686005,Health technology,Pharmaceuticals: major,4689730.266666667,34831437161.02657,USD,99.4352,420517000,3.8784040382795286,6.0361,USD,8.393341354355604,4.039892378537348,1.53,USD,1.880544,USD,98978V103